"organisasjonsnummer";"navn";"stiftelsesdato";"registreringsdatoEnhetsregisteret";"organisasjonsform";"hjemmeside";"registrertIFrivillighetsregisteret";"registrertIMvaregisteret";"registrertIForetaksregisteret";"registrertIStiftelsesregisteret";"frivilligRegistrertIMvaregisteret";"antallAnsatte";"institusjonellSektorkode.kode";"institusjonellSektorkode.beskrivelse";"naeringskode1.kode";"naeringskode1.beskrivelse";"naeringskode2.kode";"naeringskode2.beskrivelse";"naeringskode3.kode";"naeringskode3.beskrivelse";"postadresse.adresse";"postadresse.postnummer";"postadresse.poststed";"postadresse.kommunenummer";"postadresse.kommune";"postadresse.landkode";"postadresse.land";"forretningsadresse.adresse";"forretningsadresse.postnummer";"forretningsadresse.poststed";"forretningsadresse.kommunenummer";"forretningsadresse.kommune";"forretningsadresse.landkode";"forretningsadresse.land";"sisteInnsendteAarsregnskap";"konkurs";"underAvvikling";"underTvangsavviklingEllerTvangsopplosning";"overordnetEnhet"
815124332;"NORSK FILMINSTITUTT FILMFOND OSLO";;2015-03-17;"ADOS";;"N";"N";"N";"N";;0;;;;;;;;;;;;;;;;"Filmens Hus Dronningens gate 16";152;"OSLO";301;"OSLO";"NO";"Norge";;"N";"N";"N";
875637142;"SETESDAL AUSTHEI VILLREINNEMND";;1996-03-05;"ADOS";;"N";"N";"N";"N";;0;;;;;;;;;;;;;;;;"Dallonaveien 8";4621;"KRISTIANSAND S";1001;"KRISTIANSAND";"NO";"Norge";;"N";"N";"N";
890489532;"HORTEN KEMNERKONTOR";;2007-03-19;"ADOS";;"N";"N";"N";"N";;0;;;;;;;;;"Postboks 10";3191;"HORTEN";701;"HORTEN";"NO";"Norge";"Teatergata 11";3187;"HORTEN";701;"HORTEN";"NO";"Norge";;"N";"N";"N";
890488692;"SKATTEOPPKREVEREN I AURSKOG-HØLAND KOMMUNE";;2007-03-19;"ADOS";;"N";"N";"N";"N";;0;;;;;;;;;;;;;;;;"Rådhusveien 3";1940;"BJØRKELANGEN";221;"AURSKOG-HØLAND";"NO";"Norge";;"N";"N";"N";
890488862;"KEMNEREN I RINGSAKER";;2007-03-19;"ADOS";;"N";"N";"N";"N";;0;;;;;;;;;"Postboks 23";2381;"BRUMUNDDAL";412;"RINGSAKER";"NO";"Norge";"Furnesvegen 28";2382;"BRUMUNDDAL";412;"RINGSAKER";"NO";"Norge";;"N";"N";"N";
890489192;"SKATTEOPPKREVEREN I ØSTRETOTEN KOMMUNE";;2007-03-19;"ADOS";;"N";"N";"N";"N";;0;;;;;;;;;"Postboks 24";2851;"LENA";528;"ØSTRE TOTEN";"NO";"Norge";;2850;"LENA";528;"ØSTRE TOTEN";"NO";"Norge";;"N";"N";"N";
890489362;"SKATTEOPPKREVEREN I FLÅ KOMMUNE";;2007-03-19;"ADOS";;"N";"N";"N";"N";;0;;;;;;;;;;;;;;;;"Gamlevegen 4";3550;"GOL";617;"GOL";"NO";"Norge";;"N";"N";"N";
890488552;"SKATTEOPPKREVEREN I SKIPTVET";;2007-03-19;"ADOS";;"N";"N";"N";"N";;0;;;;;;;;;"Postboks C";1801;"ASKIM";124;"ASKIM";"NO";"Norge";"Kirkegata 12";1807;"ASKIM";124;"ASKIM";"NO";"Norge";;"N";"N";"N";
890488722;"SKEDSMO KEMNERKONTOR- 0228 RÆLINGEN";;2007-03-19;"ADOS";;"N";"N";"N";"N";;0;;;;;;;;;"Postboks 313";2001;"LILLESTRØM";231;"SKEDSMO";"NO";"Norge";"Jonas Lies gate 18";2000;"LILLESTRØM";231;"SKEDSMO";"NO";"Norge";;"N";"N";"N";
890489052;"KEMNEREN I RØROS - OS - HOLTÅLEN";;2007-03-19;"ADOS";;"N";"N";"N";"N";;0;;;;;;;;;;;;;;;;"Tollef Bredals vei 13";7374;"RØROS";1640;"RØROS";"NO";"Norge";;"N";"N";"N";
890489222;"SKATTEOPPKREVEREN I LUNNER KOMMUNE";;2007-03-19;"ADOS";;"N";"N";"N";"N";;0;;;;;;;;;;;;;;;;"Sandsvegen 1";2740;"ROA";533;"LUNNER";"NO";"Norge";;"N";"N";"N";
890489702;"SKATTEOPPKREVEREN I SILJAN KOMMUNE";;2007-03-19;"ADOS";;"N";"N";"N";"N";;0;;;;;;;;;;;;;;;;"Sentrumsveien 105";3748;"SILJAN";811;"SILJAN";"NO";"Norge";;"N";"N";"N";
890489982;"SKATTEOPPKREVEREN I VALLE KOMMUNE";;2007-03-19;"ADOS";;"N";"N";"N";"N";;0;;;;;;;;;"Evjemoen";4735;"EVJE";937;"EVJE OG HORNNES";"NO";"Norge";"Kasernevegen 19";4735;"EVJE";937;"EVJE OG HORNNES";"NO";"Norge";;"N";"N";"N";
890490182;"SKATTEOPPKREVEREN I HAUGESUND KOMMUNE";;2007-03-19;"ADOS";"www.haugesund.kommune.no";"N";"N";"N";"N";;0;;;;;;;;;"Postboks 2161";5504;"HAUGESUND";1106;"HAUGESUND";"NO";"Norge";"Skåregata 103";5528;"HAUGESUND";1106;"HAUGESUND";"NO";"Norge";;"N";"N";"N";
890490352;"SKATTEOPPKREVEREN I KVITSØY KOMMUNE";;2007-03-19;"ADOS";;"N";"N";"N";"N";;0;;;;;;;;;;;;;;;;;4180;"KVITSØY";1144;"KVITSØY";"NO";"Norge";;"N";"N";"N";
890489672;"SKATTEOPPKREVEREN I PORSGRUNN KOMMUNE";;2007-03-19;"ADOS";;"N";"N";"N";"N";;0;;;;;;;;;"Postboks 128";3901;"PORSGRUNN";805;"PORSGRUNN";"NO";"Norge";"Rådhusgata 7";3915;"PORSGRUNN";805;"PORSGRUNN";"NO";"Norge";;"N";"N";"N";
890489842;"SKATTEOPPKREVEREN I VINJE KOMMUNE";;2007-03-19;"ADOS";;"N";"N";"N";"N";;0;;;;;;;;;;;;;;;;;3890;"VINJE";834;"VINJE";"NO";"Norge";;"N";"N";"N";
890490042;"SKATTEOPPKREVEREN I VENNESLA KOMMUNE";;2007-03-19;"ADOS";;"N";"N";"N";"N";;0;;;;;;;;;"Postboks 25";4701;"VENNESLA";1014;"VENNESLA";"NO";"Norge";"Venneslamoen 1";4700;"VENNESLA";1014;"VENNESLA";"NO";"Norge";;"N";"N";"N";
890490212;"SKATTEOPPKREVEREN I BJERKREIM KOMMUNE";;2007-03-19;"ADOS";;"N";"N";"N";"N";;0;;;;;;;;;"Postboks 19";4389;"VIKESÅ";1114;"BJERKREIM";"NO";"Norge";"HERADSHUSET";4389;"VIKESÅ";1114;"BJERKREIM";"NO";"Norge";;"N";"N";"N";
890490492;"SKATTEOPPKREVEREN I JONDAL KOMMUNE";;2007-03-19;"ADOS";;"N";"N";"N";"N";;0;;;;;;;;;;;;;;;;;5627;"JONDAL";1227;"JONDAL";"NO";"Norge";;"N";"N";"N";
890490662;"SKATTEOPPKREVEREN I OSTERØY KOMMUNE";;2007-03-19;"ADOS";;"N";"N";"N";"N";;0;;;;;;;;;;;;;;;;"RÅDHUSET";5282;"LONEVÅG";1253;"OSTERØY";"NO";"Norge";;"N";"N";"N";
890490972;"SKATTEOPPKREVJAREN I HORNINDAL";;2007-03-19;"ADOS";;"N";"N";"N";"N";;0;;;;;;;;;;;;;;;;;6763;"HORNINDAL";1444;"HORNINDAL";"NO";"Norge";;"N";"N";"N";
890491332;"SKATTEOPPKREVEREN I RINDAL KOMMUNE";;2007-03-19;"ADOS";;"N";"N";"N";"N";;0;;;;;;;;;;;;;;;;;6657;"RINDAL";1567;"RINDAL";"NO";"Norge";;"N";"N";"N";
890491502;"SKATTEOPPKREVEREN I RENNEBU KOMMUNE";;2007-03-19;"ADOS";;"N";"N";"N";"N";;0;;;;;;;;;;;;;;;;"Myrveien 1";7391;"RENNEBU";1635;"RENNEBU";"NO";"Norge";;"N";"N";"N";
890491782;"SKATTEOPPKREVEREN I GRONG KOMMUNE";;2007-03-19;"ADOS";;"N";"N";"N";"N";;0;;;;;;;;;;;;;;;;"KOMMUNEHUSET";7870;"GRONG";1742;"GRONG";"NO";"Norge";;"N";"N";"N";
890491952;"SKATTEOPPKREVEREN I LEIRFJORD KOMMUNE";;2007-03-19;"ADOS";;"N";"N";"N";"N";;0;;;;;;;;;"Rådhuset";8805;"SANDNESSJØEN";1820;"ALSTAHAUG";"NO";"Norge";"Strandgata 52";8800;"SANDNESSJØEN";1820;"ALSTAHAUG";"NO";"Norge";;"N";"N";"N";
890492142;"SKATTEOPPKREVEREN I TYSFJORD KOMMUNE";;2007-03-19;"ADOS";;"N";"N";"N";"N";;0;;;;;;;;;;;;;;;;"FL SMIDTSV 1";8590;"KJØPSVIK";1850;"TYSFJORD";"NO";"Norge";;"N";"N";"N";
890490522;"SKATTEOPPKREVEREN I EIDFJORD KOMMUNE";;2007-03-19;"ADOS";;"N";"N";"N";"N";;0;;;;;;;;;;;;;;;;"Simadalsvegen 1";5783;"EIDFJORD";1232;"EIDFJORD";"NO";"Norge";;"N";"N";"N";
890490832;"SKATTEOPPKREVEREN I AURLAND KOMMUNE";;2007-03-19;"ADOS";;"N";"N";"N";"N";;0;;;;;;;;;;;;;;;;;5745;"AURLAND";1421;"AURLAND";"NO";"Norge";;"N";"N";"N";
890491162;"SKATTEOPPKREVEREN I SULA KOMMUNE";;2007-03-19;"ADOS";;"N";"N";"N";"N";;0;;;;;;;;;"Postboks 280";6039;"LANGEVÅG";1531;"SULA";"NO";"Norge";;6030;"LANGEVÅG";1531;"SULA";"NO";"Norge";;"N";"N";"N";
890491472;"KEMNEREN I ROAN";;2007-03-19;"ADOS";;"N";"N";"N";"N";;0;;;;;;;;;;;;;;;;"Kemnerkontoret for Fosen";7120;"LEKSVIK";1718;"LEKSVIK";"NO";"Norge";;"N";"N";"N";
890491642;"SKATTEOPPKREVEREN I MERÅKER KOMMUNE";;2007-03-19;"ADOS";;"N";"N";"N";"N";;0;;;;;;;;;;;;;;;;"RÅDHUSET";7530;"MERÅKER";1711;"MERÅKER";"NO";"Norge";;"N";"N";"N";
890491812;"SKATTEOPPKREVEREN I MIDTRE NAMDAL  FOSNES KOMMUNE";;2007-03-19;"ADOS";;"N";"N";"N";"N";;0;;;;;;;;;"Postboks 333 Sentrum";7801;"NAMSOS";1703;"NAMSOS";"NO";"Norge";"Abel Meyers gate 10";7800;"NAMSOS";1703;"NAMSOS";"NO";"Norge";;"N";"N";"N";
890492002;"SKATTEOPPKREVEREN I NESNA KOMMUNE";;2007-03-19;"ADOS";;"N";"N";"N";"N";;0;;;;;;;;;;;;;;;;"Movegen 24";8700;"NESNA";1828;"NESNA";"NO";"Norge";;"N";"N";"N";
890492282;"SKATTEOPPKREVEREN I ANDØY KOMMUNE";;2007-03-19;"ADOS";;"N";"N";"N";"N";;0;;;;;;;;;"Postboks 187";8483;"ANDENES";1871;"ANDØY";"NO";"Norge";"Storgata 68";8480;"ANDENES";1871;"ANDØY";"NO";"Norge";;"N";"N";"N";
890492312;"KEMNEREN I TROMSØ";;2007-03-19;"ADOS";"www.tromso.kommune.no/kemner";"N";"N";"N";"N";;0;;;;;;;;;"Postboks 6900";9299;"TROMSØ";1902;"TROMSØ";"NO";"Norge";"Skattens Hus Kaigata 3-5";9008;"TROMSØ";1902;"TROMSØ";"NO";"Norge";;"N";"N";"N";
890492452;"SKATTEOPPKREVEREN I BERG KOMMUNE";;2007-03-19;"ADOS";;"N";"N";"N";"N";;0;;;;;;;;;;;;;;;;;9385;"SKALAND";1929;"BERG";"NO";"Norge";;"N";"N";"N";
890492592;"SKATTEOPPKREVEREN I ALTA KOMMUNE";;2007-03-19;"ADOS";;"N";"N";"N";"N";;0;;;;;;;;;"Postboks 1403";9506;"ALTA";2012;"ALTA";"NO";"Norge";"Sandfallveien 1";9510;"ALTA";2012;"ALTA";"NO";"Norge";;"N";"N";"N";
890492622;"SKATTEOPPKREVEREN I KVALSUND KOMMUNE";;2007-03-19;"ADOS";;"N";"N";"N";"N";;0;;;;;;;;;;;;;;;;"Rådhusvegen 18";9620;"KVALSUND";2017;"KVALSUND";"NO";"Norge";;"N";"N";"N";
891991762;"NORSK KULTURFOND";;2007-11-26;"ADOS";;"N";"N";"N";"N";;0;;;;;;;;;"Postboks 8052 Dep";31;"OSLO";301;"OSLO";"NO";"Norge";"Mølleparken 2";459;"OSLO";301;"OSLO";"NO";"Norge";;"N";"N";"N";
898500942;"Skatteoppkrever Utland, Internasjonal bistand/International Tax Recovery Assistance";;2012-06-14;"ADOS";;"N";"N";"N";"N";;0;;;;;;;;;;;;;;;;"Lagårdsveien 46";4010;"STAVANGER";1103;"STAVANGER";"NO";"Norge";;"N";"N";"N";
915910696;"KEMNEREN I INNHERRED SAMKOMMUNE";;2015-09-14;"ADOS";;"N";"N";"N";"N";;0;;;;;;;;;"Postboks 130";7601;"LEVANGER";1719;"LEVANGER";"NO";"Norge";"Håkon den godes gate 30";7600;"LEVANGER";1719;"LEVANGER";"NO";"Norge";;"N";"N";"N";
975530787;"SETESDAL-RYFYLKE VILLREINNEMND";;1996-03-05;"ADOS";;"N";"N";"N";"N";;0;;;;;;;;;;;;;;;;"Dallonaveien 8";4621;"KRISTIANSAND S";1001;"KRISTIANSAND";"NO";"Norge";;"N";"N";"N";
990488436;"SKATTEOPPKREVEREN I HALDEN KOMMUNE";;2007-03-19;"ADOS";;"N";"N";"N";"N";;0;;;;;;;;;"Postboks 150";1751;"HALDEN";101;"HALDEN";"NO";"Norge";"Tordenskjolds gate 4";1776;"HALDEN";101;"HALDEN";"NO";"Norge";;"N";"N";"N";
990488444;"KEMNEREN I MOSS";;2007-03-19;"ADOS";;"N";"N";"N";"N";;0;;;;;;;;;"Postboks 175";1501;"MOSS";104;"MOSS";"NO";"Norge";"Kirkegata 14 A";1530;"MOSS";104;"MOSS";"NO";"Norge";;"N";"N";"N";
990488452;"KEMNEREN I SARPSBORG";;2007-03-19;"ADOS";;"N";"N";"N";"N";;0;;;;;;;;;"Postboks 237";1702;"SARPSBORG";105;"SARPSBORG";"NO";"Norge";"Glengsgata 38";1706;"SARPSBORG";105;"SARPSBORG";"NO";"Norge";;"N";"N";"N";
990488460;"KEMNEREN I FREDRIKSTAD KOMMUNE";;2007-03-19;"ADOS";"www.fredrikstad.kommune.no";"N";"N";"N";"N";;0;;;;;;;;;"Postboks 1405";1602;"FREDRIKSTAD";106;"FREDRIKSTAD";"NO";"Norge";"Storgata 4";1607;"FREDRIKSTAD";106;"FREDRIKSTAD";"NO";"Norge";;"N";"N";"N";
990488479;"SKATTEOPPKREVEREN I HVALER KOMMUNE V/KEMNEREN I FREDRIKSTAD";;2007-03-19;"ADOS";;"N";"N";"N";"N";;0;;;;;;;;;"Postboks 1405";1602;"FREDRIKSTAD";106;"FREDRIKSTAD";"NO";"Norge";"V/Kemneren i Fredrikstad Storgata 4";1607;"FREDRIKSTAD";106;"FREDRIKSTAD";"NO";"Norge";;"N";"N";"N";
990488487;"SKATTEOPPKREVEREN I AREMARK KOMMUNE";;2007-03-19;"ADOS";;"N";"N";"N";"N";;0;;;;;;;;;;;;;;;;"RÅDHUSET";1798;"AREMARK";118;"AREMARK";"NO";"Norge";;"N";"N";"N";
990488495;"SKATTEOPPKREVEREN I MARKER KOMMUNE";;2007-03-19;"ADOS";;"N";"N";"N";"N";;0;;;;;;;;;"Postboks 114";1871;"ØRJE";119;"MARKER";"NO";"Norge";"Storgata 60";1870;"ØRJE";119;"MARKER";"NO";"Norge";;"N";"N";"N";
990488509;"SKATTEOPPKREVEREN I RØMSKOG KOMMUNE";;2007-03-19;"ADOS";;"N";"N";"N";"N";;0;;;;;;;;;;;;;;;;;1950;"RØMSKOG";121;"RØMSKOG";"NO";"Norge";;"N";"N";"N";
990488517;"SKATTEOPPKREVEREN I TRØGSTAD";;2007-03-19;"ADOS";;"N";"N";"N";"N";;0;;;;;;;;;"Postboks 34";1861;"TRØGSTAD";122;"TRØGSTAD";"NO";"Norge";"Kirkeveien 17";1860;"TRØGSTAD";122;"TRØGSTAD";"NO";"Norge";;"N";"N";"N";
990488525;"SKATTEOPPKREVEREN I SPYDEBERG KOMMUNE";;2007-03-19;"ADOS";;"N";"N";"N";"N";;0;;;;;;;;;;;;;;;;"Stasjonsgata 35";1820;"SPYDEBERG";123;"SPYDEBERG";"NO";"Norge";;"N";"N";"N";
990488770;"SKATTEOPPKREVEREN I GJERDRUM KOMMUNE";;2007-03-19;"ADOS";;"N";"N";"N";"N";;0;;;;;;;;;"Postboks 10";2024;"GJERDRUM";234;"GJERDRUM";"NO";"Norge";"ASK";2022;"GJERDRUM";234;"GJERDRUM";"NO";"Norge";;"N";"N";"N";
990488533;"SKATTEOPPKREVEREN I ASKIM KOMMUNE";;2007-03-19;"ADOS";;"N";"N";"N";"N";;0;;;;;;;;;;;;;;;;"Kirkegata 5";1830;"ASKIM";124;"ASKIM";"NO";"Norge";;"N";"N";"N";
990488541;"SKATTEOPPKREVEREN I EIDSBERG KOMMUNE";;2007-03-19;"ADOS";;"N";"N";"N";"N";;0;;;;;;;;;;;;;;;;"Ordfører Voldens vei 1";1850;"MYSEN";125;"EIDSBERG";"NO";"Norge";;"N";"N";"N";
990488568;"SKATTEOPPKREVEREN I RAKKESTAD KOMMUNE";;2007-03-19;"ADOS";;"N";"N";"N";"N";;0;;;;;;;;;"Postboks 264";1891;"RAKKESTAD";128;"RAKKESTAD";"NO";"Norge";"Rådhusveien 4";1890;"RAKKESTAD";128;"RAKKESTAD";"NO";"Norge";;"N";"N";"N";
990488576;"SKATTEOPPKREVEREN I RÅDE KOMMUNE";;2007-03-19;"ADOS";;"N";"N";"N";"N";;0;;;;;;;;;;;;;;;;"Larkollveien 9";1570;"DILLING";136;"RYGGE";"NO";"Norge";;"N";"N";"N";
990488584;"SKATTEOPPKREVEREN I RYGGE KOMMUNE";;2007-03-19;"ADOS";;"N";"N";"N";"N";;0;;;;;;;;;;;;;;;;"Larkollveien 9";1570;"DILLING";136;"RYGGE";"NO";"Norge";;"N";"N";"N";
990488592;"SKATTEOPPKREVEREN I VÅLER KOMMUNE";;2007-03-19;"ADOS";;"N";"N";"N";"N";;0;;;;;;;;;;;;;;;;"Larkollveien 9";1570;"DILLING";136;"RYGGE";"NO";"Norge";;"N";"N";"N";
990488606;"SKATTEOPPKREVEREN I HOBØL KOMMUNE";;2007-03-19;"ADOS";;"N";"N";"N";"N";;0;;;;;;;;;;;;;;;;;1827;"HOBØL";138;"HOBØL";"NO";"Norge";;"N";"N";"N";
990488614;"KEMNEREN I FOLLO - VESTBY 0211";;2007-03-19;"ADOS";;"N";"N";"N";"N";;0;;;;;;;;;"Postboks 510";1411;"KOLBOTN";217;"OPPEGÅRD";"NO";"Norge";"Kolbotnveien 30";1410;"KOLBOTN";217;"OPPEGÅRD";"NO";"Norge";;"N";"N";"N";
990488622;"KEMNEREN I FOLLO - SKI 0213";;2007-03-19;"ADOS";;"N";"N";"N";"N";;0;;;;;;;;;"Postboks 510";1411;"KOLBOTN";217;"OPPEGÅRD";"NO";"Norge";"Kolbotnveien 30";1410;"KOLBOTN";217;"OPPEGÅRD";"NO";"Norge";;"N";"N";"N";
990488630;"KEMNEREN I FOLLO - ÅS 0214";;2007-03-19;"ADOS";;"N";"N";"N";"N";;0;;;;;;;;;"Postboks 510";1411;"KOLBOTN";217;"OPPEGÅRD";"NO";"Norge";"Kolbotnveien 30";1410;"KOLBOTN";217;"OPPEGÅRD";"NO";"Norge";;"N";"N";"N";
990488649;"KEMNEREN I FOLLO - FROGN 0215";;2007-03-19;"ADOS";;"N";"N";"N";"N";;0;;;;;;;;;"Postboks 510";1411;"KOLBOTN";217;"OPPEGÅRD";"NO";"Norge";"Kolbotnveien 30";1410;"KOLBOTN";217;"OPPEGÅRD";"NO";"Norge";;"N";"N";"N";
990488665;"KEMNEREN I FOLLO - OPPEGÅRD 0217";;2007-03-19;"ADOS";;"N";"N";"N";"N";;0;;;;;;;;;"Postboks 510";1411;"KOLBOTN";217;"OPPEGÅRD";"NO";"Norge";"Kolbotnveien 30";1410;"KOLBOTN";217;"OPPEGÅRD";"NO";"Norge";;"N";"N";"N";
990488657;"SKATTEOPPKREVEREN I NESODDEN KOMMUNE";;2007-03-19;"ADOS";"www.nesodden.kommune.no";"N";"N";"N";"N";;0;;;;;;;;;"Postboks 123";1451;"NESODDTANGEN";216;"NESODDEN";"NO";"Norge";"Kongleveien 2";1450;"NESODDTANGEN";216;"NESODDEN";"NO";"Norge";;"N";"N";"N";
990488673;"KEMNEREN I ASKER OG BÆRUM BÆRUM 0219";;2007-03-19;"ADOS";;"N";"N";"N";"N";;0;;;;;;;;;;1304;"SANDVIKA";219;"BÆRUM";"NO";"Norge";"Otto Sverdrups plass 3";1337;"SANDVIKA";219;"BÆRUM";"NO";"Norge";;"N";"N";"N";
990488703;"SKEDSMO KEMNERKONTOR - 0226 SØRUM";;2007-03-19;"ADOS";;"N";"N";"N";"N";;0;;;;;;;;;"Postboks 313";2001;"LILLESTRØM";231;"SKEDSMO";"NO";"Norge";"Jonas Lies gate 18";2000;"LILLESTRØM";231;"SKEDSMO";"NO";"Norge";;"N";"N";"N";
990488738;"KEMNEREN I FOLLO - ENEBAKK 0229";;2007-03-19;"ADOS";;"N";"N";"N";"N";;0;;;;;;;;;"Postboks 510";1411;"KOLBOTN";217;"OPPEGÅRD";"NO";"Norge";"Kolbotnveien 30";1410;"KOLBOTN";217;"OPPEGÅRD";"NO";"Norge";;"N";"N";"N";
990488754;"KEMNEREN I SKEDSMO";;2007-03-19;"ADOS";;"N";"N";"N";"N";;0;;;;;;;;;;;;;;;;"Jonas Lies gate 18";2000;"LILLESTRØM";231;"SKEDSMO";"NO";"Norge";;"N";"N";"N";
990488797;"KEMNEREN I NES";;2007-03-19;"ADOS";;"N";"N";"N";"N";;0;;;;;;;;;"Postboks 114";2151;"ÅRNES";236;"NES";"NO";"Norge";"Rådhusgata 2";2150;"ÅRNES";236;"NES";"NO";"Norge";;"N";"N";"N";
990488819;"SKATTEOPPKREVEREN I NANNESTAD KOMMUNE";;2007-03-19;"ADOS";;"N";"N";"N";"N";;0;;;;;;;;;;;;;;;;"Teiealleen 31";2030;"NANNESTAD";238;"NANNESTAD";"NO";"Norge";;"N";"N";"N";
990488835;"OSLO KEMNERKONTOR";;2007-03-19;"ADOS";;"N";"N";"N";"N";;0;;;;;;;;;"Postboks 2 St. Olavs plass";130;"OSLO";301;"OSLO";"NO";"Norge";"RÅDHUSET";37;"OSLO";301;"OSLO";"NO";"Norge";;"N";"N";"N";
990488851;"SKATTEOPPKREVEREN I HAMAR KOMMUNE";;2007-03-19;"ADOS";"www.hamar.kommune.no";"N";"N";"N";"N";;0;;;;;;;;;"Postboks 4063";2306;"HAMAR";403;"HAMAR";"NO";"Norge";"Vangsvegen 51";2317;"HAMAR";403;"HAMAR";"NO";"Norge";;"N";"N";"N";
990488886;"SKATTEOPPKREVEREN I STANGE KOMMUNE";;2007-03-19;"ADOS";;"N";"N";"N";"N";;0;;;;;;;;;;;;;;;;"Storgata 45";2335;"STANGE";417;"STANGE";"NO";"Norge";;"N";"N";"N";
990488681;"KEMNEREN I ASKER OG BÆRUM ASKER 0220";;2007-03-19;"ADOS";;"N";"N";"N";"N";;0;;;;;;;;;;1304;"SANDVIKA";219;"BÆRUM";"NO";"Norge";"Otto Sverdrups plass 3";1337;"SANDVIKA";219;"BÆRUM";"NO";"Norge";;"N";"N";"N";
990488711;"SKEDSMO KEMNERKONTOR - 0227 FET";;2007-03-19;"ADOS";;"N";"N";"N";"N";;0;;;;;;;;;"Postboks 313";2001;"LILLESTRØM";231;"SKEDSMO";"NO";"Norge";"Jonas Lies gate 18";2000;"LILLESTRØM";231;"SKEDSMO";"NO";"Norge";;"N";"N";"N";
990488746;"LØRENSKOG KEMNERKONTOR";;2007-03-19;"ADOS";"www.lorenskog.kommune.no";"N";"N";"N";"N";;0;;;;;;;;;"Postboks 304";1471;"LØRENSKOG";230;"LØRENSKOG";"NO";"Norge";"Hasselveien";1470;"LØRENSKOG";230;"LØRENSKOG";"NO";"Norge";;"N";"N";"N";
990488762;"SKEDSMO KEMNERKONTOR- 0233 NITTEDAL";;2007-03-19;"ADOS";;"N";"N";"N";"N";;0;;;;;;;;;"Postboks 313";2001;"LILLESTRØM";231;"SKEDSMO";"NO";"Norge";"Jonas Lies gate 18";2000;"LILLESTRØM";231;"SKEDSMO";"NO";"Norge";;"N";"N";"N";
990488789;"SKATTEOPPKREVEREN I ULLENSAKER KOMMUNE";;2007-03-19;"ADOS";;"N";"N";"N";"N";;0;;;;;;;;;"Postboks 470";2051;"JESSHEIM";235;"ULLENSAKER";"NO";"Norge";"Furusethgata 12";2050;"JESSHEIM";235;"ULLENSAKER";"NO";"Norge";;"N";"N";"N";
990488800;"SKATTEOPPKREVEREN I EIDSVOLL KOMMUNE";;2007-03-19;"ADOS";;"N";"N";"N";"N";;0;;;;;;;;;;;;;;;;"Rådhusgata 1";2080;"EIDSVOLL";237;"EIDSVOLL";"NO";"Norge";;"N";"N";"N";
990488827;"SKATTEOPPKREVEREN I HURDAL KOMMUNE";;2007-03-19;"ADOS";;"N";"N";"N";"N";;0;;;;;;;;;;;;;;;;"Rådhuset";2090;"HURDAL";239;"HURDAL";"NO";"Norge";;"N";"N";"N";
990488843;"SKATTEOPPKREVEREN I KONGSVINGER KOMMUNE";;2007-03-19;"ADOS";;"N";"N";"N";"N";;0;;;;;;;;;"Postmottak";2226;"KONGSVINGER";402;"KONGSVINGER";"NO";"Norge";"Rådhusplassen 2";2212;"KONGSVINGER";402;"KONGSVINGER";"NO";"Norge";;"N";"N";"N";
990488878;"SKATTEOPPKREVEREN I LØTEN KOMMUNE";;2007-03-19;"ADOS";;"N";"N";"N";"N";;0;;;;;;;;;"Postboks 113";2341;"LØTEN";415;"LØTEN";"NO";"Norge";"Kildevegen 1";2340;"LØTEN";415;"LØTEN";"NO";"Norge";;"N";"N";"N";
990488894;"SKATTEOPPKREVEREN I NORD-ODAL KOMMUNE";;2007-03-19;"ADOS";;"N";"N";"N";"N";;0;;;;;;;;;;;;;;;;"Herredsvegen 2";2120;"SAGSTUA";418;"NORD-ODAL";"NO";"Norge";;"N";"N";"N";
990488916;"SKATTEOPPKREVEREN I EIDSKOG KOMMUNE";;2007-03-19;"ADOS";;"N";"N";"N";"N";;0;;;;;;;;;;;;;;;;"Rådhusvegen 11";2230;"SKOTTERUD";420;"EIDSKOG";"NO";"Norge";;"N";"N";"N";
990488908;"SKATTEOPPKREVEREN I SØR-ODAL KOMMUNE";;2007-03-19;"ADOS";;"N";"N";"N";"N";;0;;;;;;;;;"Øgardsvegen 2";2100;"SKARNES";419;"SØR-ODAL";"NO";"Norge";"Øgardsvegen 2";2100;"SKARNES";419;"SØR-ODAL";"NO";"Norge";;"N";"N";"N";
990488924;"SKATTEOPPKREVEREN I GRUE KOMMUNE";;2007-03-19;"ADOS";;"N";"N";"N";"N";;0;;;;;;;;;;;;;;;;;2260;"KIRKENÆR";423;"GRUE";"NO";"Norge";;"N";"N";"N";
990488940;"SKATTEOPPKREVEREN I VÅLER KOMMUNE";;2007-03-19;"ADOS";;"N";"N";"N";"N";;0;;;;;;;;;;;;;;;;;2436;"VÅLER I SOLØR";426;"VÅLER";"NO";"Norge";;"N";"N";"N";
990488967;"SKATTEOPPKREVEREN I TRYSIL KOMMUNE";;2007-03-19;"ADOS";;"N";"N";"N";"N";;0;;;;;;;;;;;;;;;;"Storvegen 5";2420;"TRYSIL";428;"TRYSIL";"NO";"Norge";;"N";"N";"N";
990488983;"SKATTEOPPKREVEREN I STOR-ELVDAL KOMMUNE";;2007-03-19;"ADOS";;"N";"N";"N";"N";;0;;;;;;;;;;;;;;;;"Storgata 120";2480;"KOPPANG";430;"STOR-ELVDAL";"NO";"Norge";;"N";"N";"N";
990489009;"SKATTEOPPKREVEREN I ENGERDAL KOMMUNE";;2007-03-19;"ADOS";;"N";"N";"N";"N";;0;;;;;;;;;;;;;;;;"KOMMUNEHUSET ENGER";2440;"ENGERDAL";434;"ENGERDAL";"NO";"Norge";;"N";"N";"N";
990489025;"SKATTEOPPKREVEREN I TYNSET KOMMUNE";;2007-03-19;"ADOS";;"N";"N";"N";"N";;0;;;;;;;;;;;;;;;;"Torvgata 1";2500;"TYNSET";437;"TYNSET";"NO";"Norge";;"N";"N";"N";
990489041;"SKATTEOPPKREVEREN I FOLLDAL KOMMUNE";;2007-03-19;"ADOS";;"N";"N";"N";"N";;0;;;;;;;;;;;;;;;;"NYBERG";2580;"FOLLDAL";439;"FOLLDAL";"NO";"Norge";;"N";"N";"N";
990489076;"SKATTEOPPKREVEREN I GJØVIK KOMMUNE";;2007-03-19;"ADOS";;"N";"N";"N";"N";;0;;;;;;;;;"Postboks 630";2810;"GJØVIK";502;"GJØVIK";"NO";"Norge";"Kauffelds plass 1";2815;"GJØVIK";502;"GJØVIK";"NO";"Norge";;"N";"N";"N";
990489092;"SKATTEOPPKREVEREN I LESJA KOMMUNE";;2007-03-19;"ADOS";;"N";"N";"N";"N";;0;;;;;;;;;;;;;;;;;2665;"LESJA";512;"LESJA";"NO";"Norge";;"N";"N";"N";
990489114;"SKATTEOPPKREVEREN I LOM KOMMUNE";;2007-03-19;"ADOS";;"N";"N";"N";"N";;0;;;;;;;;;;;;;;;;"MIDTGARD";2686;"LOM";514;"LOM";"NO";"Norge";;"N";"N";"N";
990489157;"SKATTEOPPKREVEREN I SØR-FRON KOMMUNE";;2007-03-19;"ADOS";;"N";"N";"N";"N";;0;;;;;;;;;;;;;;;;;2647;"SØR-FRON";519;"SØR-FRON";"NO";"Norge";;"N";"N";"N";
990489173;"SKATTEOPPKREVEREN I ØYER KOMMUNE";;2007-03-19;"ADOS";;"N";"N";"N";"N";;0;;;;;;;;;;;;;;;;"Tingberg";2636;"ØYER";521;"ØYER";"NO";"Norge";;"N";"N";"N";
990488932;"SKATTEOPPKREVEREN I ÅSNES KOMMUNE";;2007-03-19;"ADOS";;"N";"N";"N";"N";;0;;;;;;;;;;;;;;;;"Rådhusgata 1";2270;"FLISA";425;"ÅSNES";"NO";"Norge";;"N";"N";"N";
990488959;"SKATTEOPPKREVEREN I ELVERUM KOMMUNE";;2007-03-19;"ADOS";;"N";"N";"N";"N";;0;;;;;;;;;;;;;;;;"Lærerskolealleen 1";2408;"ELVERUM";427;"ELVERUM";"NO";"Norge";;"N";"N";"N";
990488975;"SKATTEOPPKREVEREN I ÅMOT KOMMUNE";;2007-03-19;"ADOS";;"N";"N";"N";"N";;0;;;;;;;;;;;;;;;;"Rådhuset";2450;"RENA";429;"ÅMOT";"NO";"Norge";;"N";"N";"N";
990488991;"SKATTEOPPKREVEREN I RENDALEN KOMMUNE";;2007-03-19;"ADOS";;"N";"N";"N";"N";;0;;;;;;;;;;;;;;;;"KOMMUNEHUSET";2485;"RENDALEN";432;"RENDALEN";"NO";"Norge";;"N";"N";"N";
990489017;"SKATTEOPPKREVEREN I TOLGA KOMMUNE";;2007-03-19;"ADOS";;"N";"N";"N";"N";;0;;;;;;;;;;;;;;;;;2540;"TOLGA";436;"TOLGA";"NO";"Norge";;"N";"N";"N";
990489033;"SKATTEOPPKREVEREN I ALVDAL KOMMUNE";;2007-03-19;"ADOS";;"N";"N";"N";"N";;0;;;;;;;;;;;;;;;;;2560;"ALVDAL";438;"ALVDAL";"NO";"Norge";;"N";"N";"N";
990489068;"SKATTEOPPKREVEREN I LILLEHAMMER KOMMUNE";;2007-03-19;"ADOS";;"N";"N";"N";"N";;0;;;;;;;;;;;;;;;;"Storgata 51";2609;"LILLEHAMMER";501;"LILLEHAMMER";"NO";"Norge";;"N";"N";"N";
990489084;"SKATTEOPPKREVEREN I DOVRE KOMMUNE";;2007-03-19;"ADOS";;"N";"N";"N";"N";;0;;;;;;;;;;;;;;;;"BÅTSTO";2662;"DOVRE";511;"DOVRE";"NO";"Norge";;"N";"N";"N";
990489106;"SKATTEOPPKREVEREN I SKJÅK KOMMUNE";;2007-03-19;"ADOS";;"N";"N";"N";"N";;0;;;;;;;;;;;;;;;;;2690;"SKJÅK";513;"SKJÅK";"NO";"Norge";;"N";"N";"N";
990489130;"SKATTEOPPKREVEREN I NORD-FRON KOMMUNE";;2007-03-19;"ADOS";;"N";"N";"N";"N";;0;;;;;;;;;;;;;;;;"Nedregata 50";2640;"VINSTRA";516;"NORD-FRON";"NO";"Norge";;"N";"N";"N";
990489165;"SKATTEOPPKREVEREN I RINGEBU KOMMUNE";;2007-03-19;"ADOS";;"N";"N";"N";"N";;0;;;;;;;;;;;;;;;;"Hanstadgata 4";2630;"RINGEBU";520;"RINGEBU";"NO";"Norge";;"N";"N";"N";
990489181;"SKATTEOPPKREVEREN I GAUSDAL KOMMUNE";;2007-03-19;"ADOS";;"N";"N";"N";"N";;0;;;;;;;;;;;;;;;;"Vestringsvegen 8";2651;"ØSTRE GAUSDAL";522;"GAUSDAL";"NO";"Norge";;"N";"N";"N";
990489211;"SKATTEOPPKREVEREN I JEVNAKER KOMMUNE";;2007-03-19;"ADOS";;"N";"N";"N";"N";;0;;;;;;;;;;;;;;;;"Sandsvegen 1";2740;"ROA";533;"LUNNER";"NO";"Norge";;"N";"N";"N";
990489246;"SKATTEOPPKREVEREN I SØNDRELAND KOMMUNE";;2007-03-19;"ADOS";;"N";"N";"N";"N";;0;;;;;;;;;;;;;;;;"Hovsbakken 1";2860;"HOV";536;"SØNDRE LAND";"NO";"Norge";;"N";"N";"N";
990489203;"SKATTEOPPKREVEREN I VESTRE TOTEN KOMMUNE";;2007-03-19;"ADOS";;"N";"N";"N";"N";;0;;;;;;;;;;;;;;;;"Rådhuset Nysethvegen 7";2830;"RAUFOSS";529;"VESTRE TOTEN";"NO";"Norge";;"N";"N";"N";
990489238;"SKATTEOPPKREVEREN I GRAN KOMMUNE";;2007-03-19;"ADOS";;"N";"N";"N";"N";;0;;;;;;;;;;;;;;;;"Sandsvegen 1";2740;"ROA";533;"LUNNER";"NO";"Norge";;"N";"N";"N";
990489254;"SKATTEOPPKREVEREN I NORDRELAND KOMMUNE";;2007-03-19;"ADOS";;"N";"N";"N";"N";;0;;;;;;;;;"Postboks 173";2882;"DOKKA";538;"NORDRE LAND";"NO";"Norge";"Storgata 28";2870;"DOKKA";538;"NORDRE LAND";"NO";"Norge";;"N";"N";"N";
990489394;"SKATTEOPPKREVEREN I HEMSEDAL KOMMUNE";;2007-03-19;"ADOS";;"N";"N";"N";"N";;0;;;;;;;;;;;;;;;;"Gamlevegen 4";3550;"GOL";617;"GOL";"NO";"Norge";;"N";"N";"N";
990489548;"SKATTEOPPKREVEREN I HOLMESTRAND KOMMUNE";;2007-03-19;"ADOS";;"N";"N";"N";"N";;0;;;;;;;;;"Postboks 123";3164;"REVETAL";716;"RE";"NO";"Norge";"Regata 2";3174;"REVETAL";716;"RE";"NO";"Norge";;"N";"N";"N";
990489696;"SKATTEOPPKREVEREN I NOTODDEN KOMMUNE";;2007-03-19;"ADOS";;"N";"N";"N";"N";;0;;;;;;;;;;;;;;;;"Teatergata 3";3674;"NOTODDEN";807;"NOTODDEN";"NO";"Norge";;"N";"N";"N";
990489726;"SKATTEOPPKREVEREN I KRAGERØ KOMMUNE";;2007-03-19;"ADOS";"www.kragero.kommune.no";"N";"N";"N";"N";;0;;;;;;;;;"Postboks 128";3791;"KRAGERØ";815;"KRAGERØ";"NO";"Norge";"Rådhusgata 5";3770;"KRAGERØ";815;"KRAGERØ";"NO";"Norge";;"N";"N";"N";
990489742;"SKATTEOPPKREVEREN I NOME KOMMUNE";;2007-03-19;"ADOS";;"N";"N";"N";"N";;0;;;;;;;;;;;;;;;;;3830;"ULEFOSS";819;"NOME";"NO";"Norge";;"N";"N";"N";
990489769;"SKATTEOPPKREVEREN I SAUHERAD KOMMUNE";;2007-03-19;"ADOS";;"N";"N";"N";"N";;0;;;;;;;;;;;;;;;;"Kommunehuset";3812;"AKKERHAUGEN";822;"SAUHERAD";"NO";"Norge";;"N";"N";"N";
990489785;"SKATTEOPPKREVJAREN I HJARTDAL";;2007-03-19;"ADOS";;"N";"N";"N";"N";;0;;;;;;;;;;;;;;;;"SAULAND";3692;"SAULAND";827;"HJARTDAL";"NO";"Norge";;"N";"N";"N";
990489807;"SKATTEOPPKREVEREN I KVITESEID KOMMUNE";;2007-03-19;"ADOS";;"N";"N";"N";"N";;0;;;;;;;;;;;;;;;;"Kviteseidgata 13";3850;"KVITESEID";829;"KVITESEID";"NO";"Norge";;"N";"N";"N";
990489823;"SKATTEOPPKREVEREN I FYRESDAL KOMMUNE";;2007-03-19;"ADOS";;"N";"N";"N";"N";;0;;;;;;;;;;;;;;;;"Kommunehuset";3870;"FYRESDAL";831;"FYRESDAL";"NO";"Norge";;"N";"N";"N";
990489262;"SKATTEOPPKREVEREN I SØR-AURDAL KOMMUNE";;2007-03-19;"ADOS";"www.sor-aurdal.kommune.no";"N";"N";"N";"N";;0;;;;;;;;;;;;;;;;"TINGVOLL";2930;"BAGN";540;"SØR-AURDAL";"NO";"Norge";;"N";"N";"N";
990489270;"SKATTEOPPKREVEREN I ETNEDAL KOMMUNE";;2007-03-19;"ADOS";;"N";"N";"N";"N";;0;;;;;;;;;;;;;;;;;2890;"ETNEDAL";541;"ETNEDAL";"NO";"Norge";;"N";"N";"N";
990489289;"SKATTEOPPKREVEREN I NORD-AURDAL KOMMUNE";;2007-03-19;"ADOS";"www.nord-aurdal.kommune.no";"N";"N";"N";"N";;0;;;;;;;;;"Postboks 143";2901;"FAGERNES";542;"NORD-AURDAL";"NO";"Norge";"Rådhuset Jernbanevegen 22";2900;"FAGERNES";542;"NORD-AURDAL";"NO";"Norge";;"N";"N";"N";
990489297;"SKATTEOPPKREVJAREN I VESTRE SLIDRE";;2007-03-19;"ADOS";;"N";"N";"N";"N";;0;;;;;;;;;;;;;;;;"Slidretun";2966;"SLIDRE";543;"VESTRE SLIDRE";"NO";"Norge";;"N";"N";"N";
990489300;"SKATTEOPPKREVEREN I ØYSTRESLIDRE KOMMUNE";;2007-03-19;"ADOS";;"N";"N";"N";"N";;0;;;;;;;;;;;;;;;;;2940;"HEGGENES";544;"ØYSTRE SLIDRE";"NO";"Norge";;"N";"N";"N";
990489319;"SKATTEOPPKREVEREN I VANG KOMMUNE";;2007-03-19;"ADOS";;"N";"N";"N";"N";;0;;;;;;;;;;;;;;;;;2975;"VANG I VALDRES";545;"VANG";"NO";"Norge";;"N";"N";"N";
990489327;"KEMNEREN I DRAMMEN";;2007-03-19;"ADOS";;"N";"N";"N";"N";;0;;;;;;;;;;;;;;;;"Engene 1";3008;"DRAMMEN";602;"DRAMMEN";"NO";"Norge";;"N";"N";"N";
990489335;"SKATTEOPPKREVEREN I KONGSBERG KOMMUNE";;2007-03-19;"ADOS";;"N";"N";"N";"N";;0;;;;;;;;;;;;;;;;"Kirkegata 1";3616;"KONGSBERG";604;"KONGSBERG";"NO";"Norge";;"N";"N";"N";
990489343;"SKATTEOPPKREVEREN I RINGERIKE KOMMUNE";;2007-03-19;"ADOS";;"N";"N";"N";"N";;0;;;;;;;;;"Postboks 123, Sentrum";3502;"HØNEFOSS";605;"RINGERIKE";"NO";"Norge";"Rådhuset Osloveien 1";3511;"HØNEFOSS";605;"RINGERIKE";"NO";"Norge";;"N";"N";"N";
990489351;"SKATTEOPPKREVEREN I HOLE KOMMUNE";;2007-03-19;"ADOS";;"N";"N";"N";"N";;0;;;;;;;;;"Postboks 123, Sentrum";3502;"HØNEFOSS";605;"RINGERIKE";"NO";"Norge";"Viksveien 30";3530;"RØYSE";612;"HOLE";"NO";"Norge";;"N";"N";"N";
990489378;"SKATTEOPPKREVEREN I NES KOMMUNE";;2007-03-19;"ADOS";;"N";"N";"N";"N";;0;;;;;;;;;;;;;;;;"Gamlevegen 4";3550;"GOL";617;"GOL";"NO";"Norge";;"N";"N";"N";
990489386;"SKATTEOPPKREVEREN I GOL KOMMUNE";;2007-03-19;"ADOS";;"N";"N";"N";"N";;0;;;;;;;;;;;;;;;;"Gamlevegen 4";3550;"GOL";617;"GOL";"NO";"Norge";;"N";"N";"N";
990489661;"SKATTEOPPKREVEREN I LARDAL KOMMUNE";;2007-03-19;"ADOS";;"N";"N";"N";"N";;0;;;;;;;;;"Postboks 123";3164;"REVETAL";716;"RE";"NO";"Norge";"Regata 2";3174;"REVETAL";716;"RE";"NO";"Norge";;"N";"N";"N";
990489408;"SKATTEOPPKREVEREN I ÅL KOMMUNE";;2007-03-19;"ADOS";;"N";"N";"N";"N";;0;;;;;;;;;"Gamlevegen 4";3550;"GOL";617;"GOL";"NO";"Norge";"Gamlevegen 4";3550;"GOL";617;"GOL";"NO";"Norge";;"N";"N";"N";
990489416;"SKATTEOPPKREVEREN I HOL";;2007-03-19;"ADOS";;"N";"N";"N";"N";;0;;;;;;;;;;;;;;;;"Gamlevegen 4";3550;"GOL";617;"GOL";"NO";"Norge";;"N";"N";"N";
990489424;"SKATTEOPPKREVEREN I SIGDAL KOMMUNE";;2007-03-19;"ADOS";;"N";"N";"N";"N";;0;;;;;;;;;;;;;;;;;3350;"PRESTFOSS";621;"SIGDAL";"NO";"Norge";;"N";"N";"N";
990489432;"SKATTEOPPKREVEREN I KRØDSHERAD KOMMUNE";;2007-03-19;"ADOS";;"N";"N";"N";"N";;0;;;;;;;;;;;;;;;;;3536;"NORESUND";622;"KRØDSHERAD";"NO";"Norge";;"N";"N";"N";
990489440;"SKATTEOPPKREVEREN I MODUM KOMMUNE";;2007-03-19;"ADOS";;"N";"N";"N";"N";;0;;;;;;;;;;;;;;;;"RÅDHUSET";3370;"VIKERSUND";623;"MODUM";"NO";"Norge";;"N";"N";"N";
990489459;"SKATTEOPPKREVEREN I ØVREEIKER KOMMUNE";;2007-03-19;"ADOS";;"N";"N";"N";"N";;0;;;;;;;;;;;;;;;;"Rådhuset";3300;"HOKKSUND";624;"ØVRE EIKER";"NO";"Norge";;"N";"N";"N";
990489467;"SKATTEOPPKREVEREN I NEDREEIKER KOMMUNE";;2007-03-19;"ADOS";;"N";"N";"N";"N";;0;;;;;;;;;;;;;;;;"Rådhusgata 1";3050;"MJØNDALEN";625;"NEDRE EIKER";"NO";"Norge";;"N";"N";"N";
990489475;"KEMNEREN I LIER KOMMUNE";;2007-03-19;"ADOS";;"N";"N";"N";"N";;0;;;;;;;;;;;;;;;;"Fosskvartalet";3403;"LIER";626;"LIER";"NO";"Norge";;"N";"N";"N";
990489483;"SKATTEOPPKREVEREN I RØYKEN KOMMUNE";;2007-03-19;"ADOS";;"N";"N";"N";"N";;0;;;;;;;;;;;;;;;;"Katrineåsveien 20";3440;"RØYKEN";627;"RØYKEN";"NO";"Norge";;"N";"N";"N";
990489491;"SKATTEOPPKREVEREN I HURUM";;2007-03-19;"ADOS";;"N";"N";"N";"N";;0;;;;;;;;;;;;;;;;"Katrineåsveien 20";3440;"RØYKEN";627;"RØYKEN";"NO";"Norge";;"N";"N";"N";
990489505;"SKATTEOPPKREVEREN I FLESBERG KOMMUNE";;2007-03-19;"ADOS";;"N";"N";"N";"N";;0;;;;;;;;;;;;;;;;;3623;"LAMPELAND";631;"FLESBERG";"NO";"Norge";;"N";"N";"N";
990489513;"SKATTEOPPKREVEREN I ROLLAG KOMMUNE";;2007-03-19;"ADOS";;"N";"N";"N";"N";;0;;;;;;;;;;;;;;;;;3626;"ROLLAG";632;"ROLLAG";"NO";"Norge";;"N";"N";"N";
990489521;"SKATTEOPPKREVEREN I NOREOGUVDAL KOMMUNE";;2007-03-19;"ADOS";;"N";"N";"N";"N";;0;;;;;;;;;;;;;;;;"KOMMUNEHUSET RØDBERG";3630;"RØDBERG";633;"NORE OG UVDAL";"NO";"Norge";;"N";"N";"N";
990489580;"SKATTEOPPKREVEREN I SVELVIK KOMMUNE";;2007-03-19;"ADOS";;"N";"N";"N";"N";;0;;;;;;;;;;;;;;;;"Åsgaten 24";3060;"SVELVIK";711;"SVELVIK";"NO";"Norge";;"N";"N";"N";
990489556;"SKATTEOPPKREVEREN I TØNSBERG KOMMUNE";;2007-03-19;"ADOS";;"N";"N";"N";"N";;0;;;;;;;;;"Postboks 2410";3104;"TØNSBERG";704;"TØNSBERG";"NO";"Norge";"Anton Jensens gate 8 A";3125;"TØNSBERG";704;"TØNSBERG";"NO";"Norge";;"N";"N";"N";
990489564;"SKATTEOPPKREVEREN I SANDEFJORD";;2007-03-19;"ADOS";;"N";"N";"N";"N";;0;;;;;;;;;"Postboks 2040";3202;"SANDEFJORD";706;"SANDEFJORD";"NO";"Norge";"Sandefjordsveien 3";3208;"SANDEFJORD";706;"SANDEFJORD";"NO";"Norge";;"N";"N";"N";
990489572;"SKATTEOPPKREVEREN I LARVIK KOMMUNE";;2007-03-19;"ADOS";;"N";"N";"N";"N";;0;;;;;;;;;"Postboks 2020";3255;"LARVIK";709;"LARVIK";"NO";"Norge";"Feyers gate 7";3256;"LARVIK";709;"LARVIK";"NO";"Norge";;"N";"N";"N";
990489599;"SKATTEOPPKREVEREN I SANDE KOMMUNE";;2007-03-19;"ADOS";;"N";"N";"N";"N";;0;;;;;;;;;;;;;;;;"SANDE RÅDHUS";3070;"SANDE I VESTFOLD";713;"SANDE";"NO";"Norge";;"N";"N";"N";
990489602;"SKATTEOPPKREVEREN I HOF KOMMUNE";;2007-03-19;"ADOS";;"N";"N";"N";"N";;0;;;;;;;;;"Postboks 123";3164;"REVETAL";716;"RE";"NO";"Norge";"Revetalgata 2";3174;"REVETAL";716;"RE";"NO";"Norge";;"N";"N";"N";
990489610;"SKATTEOPPKREVEREN I RE";;2007-03-19;"ADOS";;"N";"N";"N";"N";;0;;;;;;;;;;;;;;;;"Regata 2";3174;"REVETAL";716;"RE";"NO";"Norge";;"N";"N";"N";
990489629;"SKATTEOPPKREVEREN I ANDEBU KOMMUNE";;2007-03-19;"ADOS";;"N";"N";"N";"N";;0;;;;;;;;;;;;;;;;"Andebu Sentrum 1";3158;"ANDEBU";719;"ANDEBU";"NO";"Norge";;"N";"N";"N";
990489637;"SKATTEOPPKREVEREN I STOKKE KOMMUNE";;2007-03-19;"ADOS";;"N";"N";"N";"N";;0;;;;;;;;;"Postboks 123";3164;"REVETAL";716;"RE";"NO";"Norge";"Regata 2";3174;"REVETAL";716;"RE";"NO";"Norge";;"N";"N";"N";
990489645;"SKATTEOPPKREVEREN I NØTTERØY KOMMUNE";;2007-03-19;"ADOS";;"N";"N";"N";"N";;0;;;;;;;;;;;;;;;;"Rødsgata 36";3145;"TJØME";723;"TJØME";"NO";"Norge";;"N";"N";"N";
990489653;"SKATTEOPPKREVEREN I TJØME KOMMUNE";;2007-03-19;"ADOS";;"N";"N";"N";"N";;0;;;;;;;;;;;;;;;;"Rødsgata 36";3145;"TJØME";723;"TJØME";"NO";"Norge";;"N";"N";"N";
990489688;"KEMNEREN I SKIEN";;2007-03-19;"ADOS";;"N";"N";"N";"N";;0;;;;;;;;;"Postboks 360";3701;"SKIEN";806;"SKIEN";"NO";"Norge";"1. etg Kongens gate 31";3717;"SKIEN";806;"SKIEN";"NO";"Norge";;"N";"N";"N";
990489718;"SKATTEOPPKREVEREN I BAMBLE KOMMUNE";;2007-03-19;"ADOS";;"N";"N";"N";"N";;0;;;;;;;;;"Postboks 80";3993;"LANGESUND";814;"BAMBLE";"NO";"Norge";"Kirkeveien 12";3970;"LANGESUND";814;"BAMBLE";"NO";"Norge";;"N";"N";"N";
990489734;"SKATTEOPPKREVEREN I DRANGEDAL KOMMUNE";;2007-03-19;"ADOS";;"N";"N";"N";"N";;0;;;;;;;;;;;;;;;;"Gudbrandsveien 7";3750;"DRANGEDAL";817;"DRANGEDAL";"NO";"Norge";;"N";"N";"N";
990489750;"SKATTEOPPKREVEREN I BØ KOMMUNE";;2007-03-19;"ADOS";;"N";"N";"N";"N";;0;;;;;;;;;;;;;;;;"Bøgata 67";3800;"BØ I TELEMARK";821;"BØ";"NO";"Norge";;"N";"N";"N";
990489777;"KEMNEREN I TINN";;2007-03-19;"ADOS";;"N";"N";"N";"N";;0;;;;;;;;;"Postboks 14";3661;"RJUKAN";826;"TINN";"NO";"Norge";"Sam Eydes gate 57";3660;"RJUKAN";826;"TINN";"NO";"Norge";;"N";"N";"N";
990489793;"SKATTEOPPKREVEREN I SELJORD KOMMUNE";;2007-03-19;"ADOS";;"N";"N";"N";"N";;0;;;;;;;;;;;;;;;;;3840;"SELJORD";828;"SELJORD";"NO";"Norge";;"N";"N";"N";
990489815;"SKATTEOPPKREVEREN I NISSEDAL KOMMUNE";;2007-03-19;"ADOS";;"N";"N";"N";"N";;0;;;;;;;;;;;;;;;;;3855;"TREUNGEN";830;"NISSEDAL";"NO";"Norge";;"N";"N";"N";
990489831;"KOMMUNEKASSERAREN I TOKKE";;2007-03-19;"ADOS";;"N";"N";"N";"N";;0;;;;;;;;;;;;;;;;"KOMMUNEHUSET";3880;"DALEN";833;"TOKKE";"NO";"Norge";;"N";"N";"N";
990489866;"KEMNEREN I GRIMSTAD KOMMUNE";;2007-03-19;"ADOS";;"N";"N";"N";"N";;0;;;;;;;;;"Postboks 120";4891;"GRIMSTAD";904;"GRIMSTAD";"NO";"Norge";"Jon Lilletuns vei 1";4879;"GRIMSTAD";904;"GRIMSTAD";"NO";"Norge";;"N";"N";"N";
990489882;"KEMNEREN I GJERSTAD";;2007-03-19;"ADOS";;"N";"N";"N";"N";;0;;;;;;;;;"Postboks 38";4901;"TVEDESTRAND";914;"TVEDESTRAND";"NO";"Norge";"Tjennaveien 30";4900;"TVEDESTRAND";914;"TVEDESTRAND";"NO";"Norge";;"N";"N";"N";
990489904;"KEMNEREN I TVEDESTRAND";;2007-03-19;"ADOS";;"N";"N";"N";"N";;0;;;;;;;;;"Postboks 38";4901;"TVEDESTRAND";914;"TVEDESTRAND";"NO";"Norge";"Tjennaveien 30";4900;"TVEDESTRAND";914;"TVEDESTRAND";"NO";"Norge";;"N";"N";"N";
990489920;"KEMNEREN I LILLESAND KOMMUNE";;2007-03-19;"ADOS";;"N";"N";"N";"N";;0;;;;;;;;;"Postboks 120";4891;"GRIMSTAD";904;"GRIMSTAD";"NO";"Norge";"Jon Lilletuns vei 1";4879;"GRIMSTAD";904;"GRIMSTAD";"NO";"Norge";;"N";"N";"N";
990489947;"KEMNEREN I ÅMLI";;2007-03-19;"ADOS";;"N";"N";"N";"N";;0;;;;;;;;;"Postboks 38";4901;"TVEDESTRAND";914;"TVEDESTRAND";"NO";"Norge";"Tjennaveien 30";4900;"TVEDESTRAND";914;"TVEDESTRAND";"NO";"Norge";;"N";"N";"N";
990489858;"KEMNEREN I RISØR";;2007-03-19;"ADOS";;"N";"N";"N";"N";;0;;;;;;;;;"Postboks 38";4901;"TVEDESTRAND";914;"TVEDESTRAND";"NO";"Norge";"Tjennaveien 30";4900;"TVEDESTRAND";914;"TVEDESTRAND";"NO";"Norge";;"N";"N";"N";
990489874;"SKATTEOPPKREVEREN I ARENDAL KOMMUNE";;2007-03-19;"ADOS";;"N";"N";"N";"N";;0;;;;;;;;;"Serviceboks 650";4809;"ARENDAL";906;"ARENDAL";"NO";"Norge";"Peder Thomassons gate 1";4801;"ARENDAL";906;"ARENDAL";"NO";"Norge";;"N";"N";"N";
990489890;"KEMNEREN I VEGÅRSHEI";;2007-03-19;"ADOS";;"N";"N";"N";"N";;0;;;;;;;;;"Postboks 38";4901;"TVEDESTRAND";914;"TVEDESTRAND";"NO";"Norge";"Tjennaveien 30";4900;"TVEDESTRAND";914;"TVEDESTRAND";"NO";"Norge";;"N";"N";"N";
990489912;"SKATTEOPPKREVEREN I FROLAND KOMMUNE";;2007-03-19;"ADOS";;"N";"N";"N";"N";;0;;;;;;;;;"Serviceboks 650";4809;"ARENDAL";906;"ARENDAL";"NO";"Norge";"Osedalen";4820;"FROLAND";919;"FROLAND";"NO";"Norge";;"N";"N";"N";
990489939;"SKATTEOPPKREVEREN I BIRKENES KOMMUNE";;2007-03-19;"ADOS";"www.kristiansand.kommune.no";"N";"N";"N";"N";;0;;;;;;;;;"Postboks 417  Lund";4604;"KRISTIANSAND S";1001;"KRISTIANSAND";"NO";"Norge";"Rådhusgata 26";4611;"KRISTIANSAND S";1001;"KRISTIANSAND";"NO";"Norge";;"N";"N";"N";
990489955;"SKATTEOPPKREVEREN I IVELAND KOMMUNE";;2007-03-19;"ADOS";;"N";"N";"N";"N";;0;;;;;;;;;"Postboks 25";4701;"VENNESLA";1014;"VENNESLA";"NO";"Norge";"Venneslamoen 1";4700;"VENNESLA";1014;"VENNESLA";"NO";"Norge";;"N";"N";"N";
990489971;"SKATTEOPPKREVEREN I BYGLAND KOMMUNE";;2007-03-19;"ADOS";;"N";"N";"N";"N";;0;;;;;;;;;;;;;;;;"Kasernevegen 19";4735;"EVJE";937;"EVJE OG HORNNES";"NO";"Norge";;"N";"N";"N";
990490007;"KEMNEREN I KRISTIANSAND";;2007-03-19;"ADOS";"www.kristiansand.kommune.no";"N";"N";"N";"N";;0;;;;;;;;;"Postboks 417 Lund";4604;"KRISTIANSAND S";1001;"KRISTIANSAND";"NO";"Norge";"Rådhusgata 26";4611;"KRISTIANSAND S";1001;"KRISTIANSAND";"NO";"Norge";;"N";"N";"N";
990490023;"SKATTEOPPKREVEREN I FARSUND";;2007-03-19;"ADOS";;"N";"N";"N";"N";;0;;;;;;;;;"Postboks 100";4552;"FARSUND";1003;"FARSUND";"NO";"Norge";;4552;"FARSUND";1003;"FARSUND";"NO";"Norge";;"N";"N";"N";
990489963;"SKATTEOPPKREVEREN I EVJE OG HORNNES";;2007-03-19;"ADOS";;"N";"N";"N";"N";;0;;;;;;;;;;;;;;;;"Kasernevegen 19";4735;"EVJE";937;"EVJE OG HORNNES";"NO";"Norge";;"N";"N";"N";
990489998;"SKATTEOPPKREVEREN I BYKLE KOMMUNE";;2007-03-19;"ADOS";;"N";"N";"N";"N";;0;;;;;;;;;"Evjemoen";4735;"EVJE";937;"EVJE OG HORNNES";"NO";"Norge";"Kasernevegen 19";4735;"EVJE";937;"EVJE OG HORNNES";"NO";"Norge";;"N";"N";"N";
990490015;"SKATTEOPPKREVEREN I MANDAL";;2007-03-19;"ADOS";;"N";"N";"N";"N";;0;;;;;;;;;"Serviceboks 905";4509;"MANDAL";1002;"MANDAL";"NO";"Norge";"Ytre Sandgate 25A";4514;"MANDAL";1002;"MANDAL";"NO";"Norge";;"N";"N";"N";
990490031;"SKATTEOPPKREVEREN I FLEKKEFJORD";;2007-03-19;"ADOS";;"N";"N";"N";"N";;0;;;;;;;;;;;;;;;;"Kirkegaten 50";4400;"FLEKKEFJORD";1004;"FLEKKEFJORD";"NO";"Norge";;"N";"N";"N";
990490066;"SKATTEOPPKREVEREN I SØGNE KOMMUNE";;2007-03-19;"ADOS";;"N";"N";"N";"N";;0;;;;;;;;;;;;;;;;"Rådhusveien 1";4640;"SØGNE";1018;"SØGNE";"NO";"Norge";;"N";"N";"N";
990490082;"SKATTEOPPKREVEREN I ÅSERAL KOMMUNE";;2007-03-19;"ADOS";;"N";"N";"N";"N";;0;;;;;;;;;;;;;;;;"KYRKJEBYGDI";4540;"ÅSERAL";1026;"ÅSERAL";"NO";"Norge";;"N";"N";"N";
990490104;"SKATTEOPPKREVEREN I LINDESNES KOMMUNE";;2007-03-19;"ADOS";;"N";"N";"N";"N";;0;;;;;;;;;"Postboks 183";4524;"LINDESNES";1029;"LINDESNES";"NO";"Norge";"Rådhusveien 9";4520;"LINDESNES";1029;"LINDESNES";"NO";"Norge";;"N";"N";"N";
990490120;"SKATTEOPPKREVEREN I HÆGEBOSTAD KOMMUNE";;2007-03-19;"ADOS";;"N";"N";"N";"N";;0;;;;;;;;;;;;;;;;"Birkeland";4595;"TINGVATN";1034;"HÆGEBOSTAD";"NO";"Norge";;"N";"N";"N";
990490147;"SKATTEOPPKREVEREN I SIRDAL KOMMUNE";;2007-03-19;"ADOS";;"N";"N";"N";"N";;0;;;;;;;;;;;;;;;;"TONSTAD";4440;"TONSTAD";1046;"SIRDAL";"NO";"Norge";;"N";"N";"N";
990490163;"SKATTEOPPKREVEREN I SANDNES KOMMUNE";;2007-03-19;"ADOS";;"N";"N";"N";"N";;0;;;;;;;;;"Postboks 284";4303;"SANDNES";1102;"SANDNES";"NO";"Norge";"Jærveien 33";4319;"SANDNES";1102;"SANDNES";"NO";"Norge";;"N";"N";"N";
990490198;"SKATTEOPPKREVEREN I SOKNDAL KOMMUNE";;2007-03-19;"ADOS";;"N";"N";"N";"N";;0;;;;;;;;;;;;;;;;;4380;"HAUGE I DALANE";1111;"SOKNDAL";"NO";"Norge";;"N";"N";"N";
990490228;"SKATTEOPPKREVEREN I HÅ KOMMUNE";;2007-03-19;"ADOS";;"N";"N";"N";"N";;0;;;;;;;;;"v/Jæren kemnerkontor Postboks 38";4349;"BRYNE";1121;"TIME";"NO";"Norge";"Røyrvika 2";4344;"BRYNE";1121;"TIME";"NO";"Norge";;"N";"N";"N";
990490058;"SKATTEOPPKREVEREN I SONGDALEN KOMMUNE";;2007-03-19;"ADOS";"kristiansand.kommune.no";"N";"N";"N";"N";;0;;;;;;;;;"Postboks 417  Lund";4604;"KRISTIANSAND S";1001;"KRISTIANSAND";"NO";"Norge";"Rådhusgata 22";4611;"KRISTIANSAND S";1001;"KRISTIANSAND";"NO";"Norge";;"N";"N";"N";
990490074;"SKATTEOPPKREVEREN I MARNARDAL KOMMUNE";;2007-03-19;"ADOS";;"N";"N";"N";"N";;0;;;;;;;;;;;;;;;;"RÅDHUSET";4534;"MARNARDAL";1021;"MARNARDAL";"NO";"Norge";;"N";"N";"N";
990490090;"SKATTEOPPKREVEREN I AUDNEDAL KOMMUNE";;2007-03-19;"ADOS";;"N";"N";"N";"N";;0;;;;;;;;;;;;;;;;"Rådhuset";4525;"KONSMO";1027;"AUDNEDAL";"NO";"Norge";;"N";"N";"N";
990490112;"SKATTEOPPKREVEREN I LYNGDAL KOMMUNE";;2007-03-19;"ADOS";;"N";"N";"N";"N";;0;;;;;;;;;"Postboks 353";4577;"LYNGDAL";1032;"LYNGDAL";"NO";"Norge";"Prost Birkelands gate 4";4580;"LYNGDAL";1032;"LYNGDAL";"NO";"Norge";;"N";"N";"N";
990490139;"SKATTEOPPKREVEREN I KVINESDAL KOMMUNE";;2007-03-19;"ADOS";;"N";"N";"N";"N";;0;;;;;;;;;;;;;;;;"Nesgata 11";4480;"KVINESDAL";1037;"KVINESDAL";"NO";"Norge";;"N";"N";"N";
990490155;"SKATTEOPPKREVEREN I EIGERSUND KOMMUNE";;2007-03-19;"ADOS";;"N";"N";"N";"N";;0;;;;;;;;;;;;;;;;"Bøckmans gate 2";4370;"EGERSUND";1101;"EIGERSUND";"NO";"Norge";;"N";"N";"N";
990490171;"STAVANGER KEMNERKONTOR";;2007-03-19;"ADOS";;"N";"N";"N";"N";;0;;;;;;;;;"Postboks 118";4001;"STAVANGER";1103;"STAVANGER";"NO";"Norge";"Lagårdsveien 46";4010;"STAVANGER";1103;"STAVANGER";"NO";"Norge";;"N";"N";"N";
990490201;"SKATTEOPPKREVEREN I LUND KOMMUNE";;2007-03-19;"ADOS";;"N";"N";"N";"N";;0;;;;;;;;;;;;;;;;"Moiveien 9";4460;"MOI";1112;"LUND";"NO";"Norge";;"N";"N";"N";
990490236;"SKATTEOPPKREVEREN I KLEPP KOMMUNE";;2007-03-19;"ADOS";;"N";"N";"N";"N";;0;;;;;;;;;"v/Jæren kemnerkontor Postboks 38";4349;"BRYNE";1121;"TIME";"NO";"Norge";"Røyrvika 2";4344;"BRYNE";1121;"TIME";"NO";"Norge";;"N";"N";"N";
990490252;"SKATTEOPPKREVEREN I GJESDAL KOMMUNE";;2007-03-19;"ADOS";;"N";"N";"N";"N";;0;;;;;;;;;"v/Jæren kemnerkontor Postboks 38";4349;"BRYNE";1121;"TIME";"NO";"Norge";"Røyrvika 2";4344;"BRYNE";1121;"TIME";"NO";"Norge";;"N";"N";"N";
990490279;"SKATTEOPPKREVEREN I RANDABERG KOMMUNE";;2007-03-19;"ADOS";"www.randaberg.kommune.no";"N";"N";"N";"N";;0;;;;;;;;;"Postboks 40";4096;"RANDABERG";1127;"RANDABERG";"NO";"Norge";"Randabergveien 370";4070;"RANDABERG";1127;"RANDABERG";"NO";"Norge";;"N";"N";"N";
990490244;"SKATTEOPPKREVEREN I TIME KOMMUNE";;2007-03-19;"ADOS";;"N";"N";"N";"N";;0;;;;;;;;;"v/Jæren kemnerkontor Postboks 38";4349;"BRYNE";1121;"TIME";"NO";"Norge";"Røyrvika 2";4344;"BRYNE";1121;"TIME";"NO";"Norge";;"N";"N";"N";
990490260;"SKATTEOPPKREVEREN I SOLA KOMMUNE";;2007-03-19;"ADOS";;"N";"N";"N";"N";;0;;;;;;;;;"Postboks 99";4097;"SOLA";1124;"SOLA";"NO";"Norge";"Rådhusvegen 21";4050;"SOLA";1124;"SOLA";"NO";"Norge";;"N";"N";"N";
990490287;"SKATTEOPPKREVEREN I FORSAND KOMMUNE";;2007-03-19;"ADOS";;"N";"N";"N";"N";;0;;;;;;;;;;;;;;;;"KOMMUNEHUSET";4110;"FORSAND";1129;"FORSAND";"NO";"Norge";;"N";"N";"N";
990490430;"SKATTEOPPKREVEREN I SVEIO KOMMUNE";;2007-03-19;"ADOS";;"N";"N";"N";"N";;0;;;;;;;;;"Postboks 40";5559;"SVEIO";1216;"SVEIO";"NO";"Norge";"Sveiogata 70";5550;"SVEIO";1216;"SVEIO";"NO";"Norge";;"N";"N";"N";
990490597;"KEMNEREN I OS";;2007-03-19;"ADOS";;"N";"N";"N";"N";;0;;;;;;;;;"Postboks 84";5202;"OS";1243;"OS";"NO";"Norge";"Torggata 7";5200;"OS";1243;"OS";"NO";"Norge";;"N";"N";"N";
990490740;"FLORA KEMNERKONTOR";;2007-03-19;"ADOS";;"N";"N";"N";"N";;0;;;;;;;;;"Postboks 264";6902;"FLORØ";1401;"FLORA";"NO";"Norge";"Hans Blomgate 5";6900;"FLORØ";1401;"FLORA";"NO";"Norge";;"N";"N";"N";
990490767;"SKATTEOPPKREVJAREN I SOLUND";;2007-03-19;"ADOS";;"N";"N";"N";"N";;0;;;;;;;;;;;;;;;;;6924;"HARDBAKKE";1412;"SOLUND";"NO";"Norge";;"N";"N";"N";
990490783;"SKATTEOPPKREVEREN I HØYANGER KOMMUNE";;2007-03-19;"ADOS";;"N";"N";"N";"N";;0;;;;;;;;;;;;;;;;"August Gunnarskogs gate 1";6993;"HØYANGER";1416;"HØYANGER";"NO";"Norge";;"N";"N";"N";
990490805;"SKATTEOPPKREVJAREN I BALESTRAND KOMMUNE";;2007-03-19;"ADOS";;"N";"N";"N";"N";;0;;;;;;;;;;;;;;;;"Kong Beles veg 20";6899;"BALESTRAND";1418;"BALESTRAND";"NO";"Norge";;"N";"N";"N";
990490821;"SKATTEOPPKREVEREN I SOGNDAL KOMMUNE";;2007-03-19;"ADOS";;"N";"N";"N";"N";;0;;;;;;;;;"Postboks 153";6851;"SOGNDAL";1420;"SOGNDAL";"NO";"Norge";"Gravensteinsgata 17";6856;"SOGNDAL";1420;"SOGNDAL";"NO";"Norge";;"N";"N";"N";
990490856;"SKATTEOPPKREVEREN I ÅRDAL KOMMUNE";;2007-03-19;"ADOS";;"N";"N";"N";"N";;0;;;;;;;;;;;;;;;;"Statsråd Evensens veg 4";6885;"ÅRDALSTANGEN";1424;"ÅRDAL";"NO";"Norge";;"N";"N";"N";
990490872;"SKATTEOPPKREVJAREN I ASKVOLL";;2007-03-19;"ADOS";;"N";"N";"N";"N";;0;;;;;;;;;;;;;;;;;6980;"ASKVOLL";1428;"ASKVOLL";"NO";"Norge";;"N";"N";"N";
990490295;"SKATTEOPPKREVEREN I STRAND KOMMUNE";;2007-03-19;"ADOS";;"N";"N";"N";"N";;0;;;;;;;;;"Postboks 115";4126;"JØRPELAND";1130;"STRAND";"NO";"Norge";"Rådhusgaten 2";4100;"JØRPELAND";1130;"STRAND";"NO";"Norge";;"N";"N";"N";
990490309;"SKATTEOPPKREVEREN I HJELMELAND KOMMUNE";;2007-03-19;"ADOS";;"N";"N";"N";"N";;0;;;;;;;;;"Postboks 115";4126;"JØRPELAND";1130;"STRAND";"NO";"Norge";"Rådhusgaten 2";4100;"JØRPELAND";1130;"STRAND";"NO";"Norge";;"N";"N";"N";
990490317;"SKATTEOPPKREVEREN I SULDAL KOMMUNE";;2007-03-19;"ADOS";;"N";"N";"N";"N";;0;;;;;;;;;;;;;;;;"KOMMUNEHUSET";4230;"SAND";1134;"SULDAL";"NO";"Norge";;"N";"N";"N";
990490325;"SKATTEOPPKREVEREN I SAUDA KOMMUNE";;2007-03-19;"ADOS";;"N";"N";"N";"N";;0;;;;;;;;;;;;;;;;"Rådhusgata 32";4200;"SAUDA";1135;"SAUDA";"NO";"Norge";;"N";"N";"N";
990490333;"SKATTEOPPKREVEREN I FINNØY KOMMUNE";;2007-03-19;"ADOS";;"N";"N";"N";"N";;0;;;;;;;;;;;;;;;;"Rådhuset";4160;"FINNØY";1141;"FINNØY";"NO";"Norge";;"N";"N";"N";
990490341;"SKATTEOPPKREVEREN I RENNESØY KOMMUNE";;2007-03-19;"ADOS";;"N";"N";"N";"N";;0;;;;;;;;;;;;;;;;"KOMMUNEHUSET";4150;"RENNESØY";1142;"RENNESØY";"NO";"Norge";;"N";"N";"N";
990490368;"SKATTEOPPKREVEREN I BOKN KOMMUNE";;2007-03-19;"ADOS";;"N";"N";"N";"N";;0;;;;;;;;;;;;;;;;"BOKNATUN";5561;"BOKN";1145;"BOKN";"NO";"Norge";;"N";"N";"N";
990490376;"SKATTEOPPKREVEREN I TYSVÆR KOMMUNE";;2007-03-19;"ADOS";;"N";"N";"N";"N";;0;;;;;;;;;;;;;;;;;5570;"AKSDAL";1146;"TYSVÆR";"NO";"Norge";;"N";"N";"N";
990490392;"SKATTEOPPKREVEREN I UTSIRA KOMMUNE";;2007-03-19;"ADOS";;"N";"N";"N";"N";;0;;;;;;;;;;;;;;;;;5547;"UTSIRA";1151;"UTSIRA";"NO";"Norge";;"N";"N";"N";
990490406;"SKATTEOPPKREVEREN I VINDAFJORD KOMMUNE";;2007-03-19;"ADOS";;"N";"N";"N";"N";;0;;;;;;;;;;;;;;;;"Rådhuset";5580;"ØLEN";1160;"VINDAFJORD";"NO";"Norge";;"N";"N";"N";
990490414;"KEMNEREN I BERGEN";;2007-03-19;"ADOS";"www.bergen.kommune.no";"N";"N";"N";"N";;0;;;;;;;;;"Postboks 7000";5020;"BERGEN";1201;"BERGEN";"NO";"Norge";"Nonnesetergaten 4";5015;"BERGEN";1201;"BERGEN";"NO";"Norge";;"N";"N";"N";
990490422;"SKATTEOPPKREVEREN I ETNE KOMMUNE";;2007-03-19;"ADOS";;"N";"N";"N";"N";;0;;;;;;;;;;;;;;;;"ETNE TINGHUS";5590;"ETNE";1211;"ETNE";"NO";"Norge";;"N";"N";"N";
990490635;"KEMNEREN I ASKØY";;2007-03-19;"ADOS";;"N";"N";"N";"N";;0;;;;;;;;;;;;;;;;"Klampavikvegen 1";5300;"KLEPPESTØ";1247;"ASKØY";"NO";"Norge";;"N";"N";"N";
990490910;"SKATTEOPPKREVEREN I FØRDE KOMMUNE";;2007-03-19;"ADOS";;"N";"N";"N";"N";;0;;;;;;;;;"Postboks 338";6802;"FØRDE";1432;"FØRDE";"NO";"Norge";"Hafstadvegen 42";6800;"FØRDE";1432;"FØRDE";"NO";"Norge";;"N";"N";"N";
990490899;"SKATTEOPPKREVEREN I GAULAR KOMMUNE";;2007-03-19;"ADOS";;"N";"N";"N";"N";;0;;;;;;;;;"c/o Skatteoppkreveren i Førde Postboks 338";6802;"FØRDE";1432;"FØRDE";"NO";"Norge";"c/o Skatteoppkreveren i Førde Hafstadvegen 42";6800;"FØRDE";1432;"FØRDE";"NO";"Norge";;"N";"N";"N";
990490449;"SKATTEOPPKREVEREN I BØMLO KOMMUNE";;2007-03-19;"ADOS";;"N";"N";"N";"N";;0;;;;;;;;;;;;;;;;"KOMMUNEHUSET";5430;"BREMNES";1219;"BØMLO";"NO";"Norge";;"N";"N";"N";
990490457;"SKATTEOPPKREVEREN I STORD KOMMUNE";;2007-03-19;"ADOS";;"N";"N";"N";"N";;0;;;;;;;;;;;;;;;;"Borggata";5417;"STORD";1221;"STORD";"NO";"Norge";;"N";"N";"N";
990490465;"SKATTEOPPKREVEREN I FITJAR KOMMUNE";;2007-03-19;"ADOS";;"N";"N";"N";"N";;0;;;;;;;;;"Postboks 63";5401;"STORD";1221;"STORD";"NO";"Norge";"RÅDHUSET";5419;"FITJAR";1222;"FITJAR";"NO";"Norge";;"N";"N";"N";
990490473;"SKATTEOPPKREVEREN I TYSNES KOMMUNE";;2007-03-19;"ADOS";;"N";"N";"N";"N";;0;;;;;;;;;"Postboks 84";5202;"OS";1243;"OS";"NO";"Norge";"Torggata 7";5200;"OS";1243;"OS";"NO";"Norge";;"N";"N";"N";
990490481;"SKATTEOPPKREVEREN I KVINNHERAD KOMMUNE";;2007-03-19;"ADOS";;"N";"N";"N";"N";;0;;;;;;;;;;;;;;;;"RÅDHUSET";5470;"ROSENDAL";1224;"KVINNHERAD";"NO";"Norge";;"N";"N";"N";
990490503;"SKATTEOPPKREVEREN I ODDA KOMMUNE";;2007-03-19;"ADOS";;"N";"N";"N";"N";;0;;;;;;;;;;;;;;;;"Opheimsgata 31";5750;"ODDA";1228;"ODDA";"NO";"Norge";;"N";"N";"N";
990490511;"SKATTEOPPKREVEREN I ULLENSVANG HERAD";;2007-03-19;"ADOS";;"N";"N";"N";"N";;0;;;;;;;;;;;;;;;;;5780;"KINSARVIK";1231;"ULLENSVANG";"NO";"Norge";;"N";"N";"N";
990490538;"SKATTEOPPKREVEREN I ULVIK KOMMUNE";;2007-03-19;"ADOS";;"N";"N";"N";"N";;0;;;;;;;;;;;;;;;;"Skeiesvegen 5";5730;"ULVIK";1233;"ULVIK";"NO";"Norge";;"N";"N";"N";
990490546;"SKATTEOPPKREVEREN I GRANVIN KOMMUNE";;2007-03-19;"ADOS";;"N";"N";"N";"N";;0;;;;;;;;;"c/o Voss kommune Postboks 145";5701;"VOSS";1235;"VOSS";"NO";"Norge";;5736;"GRANVIN";1234;"GRANVIN";"NO";"Norge";;"N";"N";"N";
990490554;"SKATTEOPPKREVEREN I VOSS KOMMUNE";;2007-03-19;"ADOS";;"N";"N";"N";"N";;0;;;;;;;;;"Postboks 145";5701;"VOSS";1235;"VOSS";"NO";"Norge";"Uttrågata 9";5700;"VOSS";1235;"VOSS";"NO";"Norge";;"N";"N";"N";
990490562;"SKATTEOPPKREVEREN I KVAM KOMMUNE";;2007-03-19;"ADOS";;"N";"N";"N";"N";;0;;;;;;;;;;;;;;;;"RÅDHUSET";5600;"NORHEIMSUND";1238;"KVAM";"NO";"Norge";;"N";"N";"N";
990490570;"SKATTEOPPKREVEREN I FUSA KOMMUNE";;2007-03-19;"ADOS";;"N";"N";"N";"N";;0;;;;;;;;;;;;;;;;;5640;"EIKELANDSOSEN";1241;"FUSA";"NO";"Norge";;"N";"N";"N";
990490589;"SKATTEOPPKREVJAREN I SAMNANGER";;2007-03-19;"ADOS";"www.samnanger.kommune.no";"N";"N";"N";"N";;0;;;;;;;;;;;;;;;;"Tyssevegen 217";5650;"TYSSE";1242;"SAMNANGER";"NO";"Norge";;"N";"N";"N";
990490929;"SKATTEOPPKREVEREN I NAUSTDAL KOMMUNE";;2007-03-19;"ADOS";;"N";"N";"N";"N";;0;;;;;;;;;"c/o Skatteoppkreveren i Førde Postboks 338";6802;"FØRDE";1432;"FØRDE";"NO";"Norge";"c/o Skatteoppkreveren i Førde Hafstadvegen 42";6800;"FØRDE";1432;"FØRDE";"NO";"Norge";;"N";"N";"N";
990491623;"SKATTEOPPKREVEREN I STEINKJER KOMMUNE";;2007-03-19;"ADOS";;"N";"N";"N";"N";;0;;;;;;;;;"Liavegen 1";7790;"MALM";1724;"VERRAN";"NO";"Norge";"Kjerkbakken 2";7790;"MALM";1724;"VERRAN";"NO";"Norge";;"N";"N";"N";
990490384;"KEMNEREN I KARMØY";;2007-03-19;"ADOS";;"N";"N";"N";"N";;0;;;;;;;;;"Rådhuset Postboks 167";4291;"KOPERVIK";1149;"KARMØY";"NO";"Norge";"Statsråd Vinjes gate 25";4250;"KOPERVIK";1149;"KARMØY";"NO";"Norge";;"N";"N";"N";
990490600;"SKATTEOPPKREVEREN I AUSTEVOLL KOMMUNE";;2007-03-19;"ADOS";;"N";"N";"N";"N";;0;;;;;;;;;"Postboks 84";5202;"OS";1243;"OS";"NO";"Norge";"Torggata 7";5200;"OS";1243;"OS";"NO";"Norge";;"N";"N";"N";
990490619;"SKATTEOPPKREVJAREN I SUND";;2007-03-19;"ADOS";;"N";"N";"N";"N";;0;;;;;;;;;"Postboks 23";5371;"SKOGSVÅG";1245;"SUND";"NO";"Norge";"Sund senter";5382;"SKOGSVÅG";1245;"SUND";"NO";"Norge";;"N";"N";"N";
990490627;"KEMNEREN I FJELL";;2007-03-19;"ADOS";;"N";"N";"N";"N";;0;;;;;;;;;"Postboks 184";5342;"STRAUME";1246;"FJELL";"NO";"Norge";"FJELL RÅDHUS";5353;"STRAUME";1246;"FJELL";"NO";"Norge";;"N";"N";"N";
990490643;"SKATTEOPPKREVEREN I VAKSDAL KOMMUNE";;2007-03-19;"ADOS";;"N";"N";"N";"N";;0;;;;;;;;;;;;;;;;"Konsul Jebsensgata 16";5722;"DALEKVAM";1251;"VAKSDAL";"NO";"Norge";;"N";"N";"N";
990490651;"SKATTEOPPKREVEREN I MODALEN KOMMUNE";;2007-03-19;"ADOS";;"N";"N";"N";"N";;0;;;;;;;;;;;;;;;;;5729;"MODALEN";1252;"MODALEN";"NO";"Norge";;"N";"N";"N";
990490678;"SKATTEOPPKREVEREN I MELAND KOMMUNE";;2007-03-19;"ADOS";;"N";"N";"N";"N";;0;;;;;;;;;;;;;;;;"RÅDHUSET";5918;"FREKHAUG";1256;"MELAND";"NO";"Norge";;"N";"N";"N";
990490686;"SKATTEOPPKREVEREN I ØYGARDEN KOMMUNE";;2007-03-19;"ADOS";;"N";"N";"N";"N";;0;;;;;;;;;;;;;;;;"Jensvardvegen 8";5336;"TJELDSTØ";1259;"ØYGARDEN";"NO";"Norge";;"N";"N";"N";
990490694;"SKATTEOPPKREVJAREN I RADØY";;2007-03-19;"ADOS";;"N";"N";"N";"N";;0;;;;;;;;;;;;;;;;"Krossvegen 8";5936;"MANGER";1260;"RADØY";"NO";"Norge";;"N";"N";"N";
990490708;"SKATTEOPPKREVEREN I LINDÅS KOMMUNE";;2007-03-19;"ADOS";;"N";"N";"N";"N";;0;;;;;;;;;;;;;;;;"Kvernhusmyrane 41";5914;"ISDALSTØ";1263;"LINDÅS";"NO";"Norge";;"N";"N";"N";
990490716;"SKATTEOPPKREVEREN I AUSTRHEIM KOMMUNE";;2007-03-19;"ADOS";;"N";"N";"N";"N";;0;;;;;;;;;;;;;;;;"Sætre";5943;"AUSTRHEIM";1264;"AUSTRHEIM";"NO";"Norge";;"N";"N";"N";
990490724;"SKATTEOPPKREVEREN I FEDJE KOMMUNE";;2007-03-19;"ADOS";;"N";"N";"N";"N";;0;;;;;;;;;;;;;;;;"Kommunehuset";5947;"FEDJE";1265;"FEDJE";"NO";"Norge";;"N";"N";"N";
990490732;"SKATTEOPPKREVEREN I MASFJORDEN KOMMUNE";;2007-03-19;"ADOS";;"N";"N";"N";"N";;0;;;;;;;;;;;;;;;;"ADMINISTRASJONSBYGGET";5981;"MASFJORDNES";1266;"MASFJORDEN";"NO";"Norge";;"N";"N";"N";
990490759;"SKATTEOPPKREVEREN I GULEN KOMMUNE";;2007-03-19;"ADOS";;"N";"N";"N";"N";;0;;;;;;;;;;;;;;;;"Eivindvikvegen 1119";5966;"EIVINDVIK";1411;"GULEN";"NO";"Norge";;"N";"N";"N";
990490775;"SKATTEOPPKREVJAREN I HYLLESTAD";;2007-03-19;"ADOS";;"N";"N";"N";"N";;0;;;;;;;;;;;;;;;;"Hyllestad kommunehus";6957;"HYLLESTAD";1413;"HYLLESTAD";"NO";"Norge";;"N";"N";"N";
990490791;"SKATTEOPPKREVEREN I VIK KOMMUNE";;2007-03-19;"ADOS";;"N";"N";"N";"N";;0;;;;;;;;;;;;;;;;"KOMMUNEHUSET 1";6893;"VIK I SOGN";1417;"VIK";"NO";"Norge";;"N";"N";"N";
990490813;"KOMMUNEKASSERAREN I LEIKANGER";;2007-03-19;"ADOS";;"N";"N";"N";"N";;0;;;;;;;;;;;;;;;;"Skrivarvegen 7";6863;"LEIKANGER";1419;"LEIKANGER";"NO";"Norge";;"N";"N";"N";
990490848;"SKATTEOPPKREVEREN I LÆRDAL KOMMUNE";;2007-03-19;"ADOS";;"N";"N";"N";"N";;0;;;;;;;;;;;;;;;;"RÅDHUSET";6887;"LÆRDAL";1422;"LÆRDAL";"NO";"Norge";;"N";"N";"N";
990490864;"SKATTEOPPKREVJAREN I LUSTER KOMMUNE";;2007-03-19;"ADOS";;"N";"N";"N";"N";;0;;;;;;;;;;;;;;;;"Rådhuset";6868;"GAUPNE";1426;"LUSTER";"NO";"Norge";;"N";"N";"N";
990490880;"SKATTEOPPKREVJAREN I FJALER";;2007-03-19;"ADOS";;"N";"N";"N";"N";;0;;;;;;;;;"Postboks 54";6961;"DALE I SUNNFJORD";1429;"FJALER";"NO";"Norge";"FJALERHUSET";6963;"DALE I SUNNFJORD";1429;"FJALER";"NO";"Norge";;"N";"N";"N";
990490902;"SKATTEOPPKREVJAREN I JØLSTER";;2007-03-19;"ADOS";;"N";"N";"N";"N";;0;;;;;;;;;;;;;;;;;6843;"SKEI I JØLSTER";1431;"JØLSTER";"NO";"Norge";;"N";"N";"N";
990490945;"SKATTEOPPKREVEREN I VÅGSØY KOMMUNE";;2007-03-19;"ADOS";;"N";"N";"N";"N";;0;;;;;;;;;;;;;;;;"Gate 1 64";6700;"MÅLØY";1439;"VÅGSØY";"NO";"Norge";;"N";"N";"N";
990490961;"SKATTEOPPKREVJAREN I EID KOMMUNE";;2007-03-19;"ADOS";;"N";"N";"N";"N";;0;;;;;;;;;;;;;;;;"Rådhusvegen 11";6770;"NORDFJORDEID";1443;"EID";"NO";"Norge";;"N";"N";"N";
990490996;"SKATTEOPPKREVEREN I STRYN KOMMUNE";;2007-03-19;"ADOS";;"N";"N";"N";"N";;0;;;;;;;;;;;;;;;;"Tonningsgata 4";6783;"STRYN";1449;"STRYN";"NO";"Norge";;"N";"N";"N";
990491038;"SKATTEOPPKREVEREN I VANYLVEN KOMMUNE";;2007-03-19;"ADOS";;"N";"N";"N";"N";;0;;;;;;;;;;;;;;;;"RÅDHUSET";6143;"FISKÅ";1511;"VANYLVEN";"NO";"Norge";;"N";"N";"N";
990490937;"SKATTEOPPKREVEREN I BREMANGER KOMMUNE";;2007-03-19;"ADOS";;"N";"N";"N";"N";;0;;;;;;;;;;;;;;;;"RÅDHUSET";6723;"SVELGEN";1438;"BREMANGER";"NO";"Norge";;"N";"N";"N";
990490953;"SKATTEOPPKREVJAREN I SELJE KOMMUNE";;2007-03-19;"ADOS";;"N";"N";"N";"N";;0;;;;;;;;;;;;;;;;;6740;"SELJE";1441;"SELJE";"NO";"Norge";;"N";"N";"N";
990490988;"SKATTEOPPKREVEREN I GLOPPEN KOMMUNE";;2007-03-19;"ADOS";;"N";"N";"N";"N";;0;;;;;;;;;;;;;;;;"Grandavegen 9";6823;"SANDANE";1445;"GLOPPEN";"NO";"Norge";;"N";"N";"N";
990491003;"KEMNEREN I MOLDE";;2007-03-19;"ADOS";;"N";"N";"N";"N";;0;;;;;;;;;;;;;;;;"Rådhusplassen 1";6413;"MOLDE";1502;"MOLDE";"NO";"Norge";;"N";"N";"N";
990491046;"SKATTEOPPKREVEREN I SANDE KOMMUNE";;2007-03-19;"ADOS";;"N";"N";"N";"N";;0;;;;;;;;;;;;;;;;"RÅDHUSET";6084;"LARSNES";1514;"SANDE";"NO";"Norge";;"N";"N";"N";
990491062;"SKATTEOPPKREVJAREN I ULSTEIN";;2007-03-19;"ADOS";;"N";"N";"N";"N";;0;;;;;;;;;"Postboks 143";6067;"ULSTEINVIK";1516;"ULSTEIN";"NO";"Norge";"Sjøgata 63";6065;"ULSTEINVIK";1516;"ULSTEIN";"NO";"Norge";;"N";"N";"N";
990491089;"SKATTEOPPKREVJAREN I VOLDA";;2007-03-19;"ADOS";;"N";"N";"N";"N";;0;;;;;;;;;;;;;;;;"Stormyra 2";6100;"VOLDA";1519;"VOLDA";"NO";"Norge";;"N";"N";"N";
990491100;"SKATTEOPPKREVEREN I ØRSKOG KOMMUNE";;2007-03-19;"ADOS";;"N";"N";"N";"N";;0;;;;;;;;;;;;;;;;;6240;"ØRSKOG";1523;"ØRSKOG";"NO";"Norge";;"N";"N";"N";
990491127;"SKATTEOPPKREVJAREN I STRANDA";;2007-03-19;"ADOS";;"N";"N";"N";"N";;0;;;;;;;;;"Øyna 13";6200;"STRANDA";1525;"STRANDA";"NO";"Norge";"Storgata 4";6200;"STRANDA";1525;"STRANDA";"NO";"Norge";;"N";"N";"N";
990491143;"SKATTEOPPKREVEREN I SYKKYLVEN KOMMUNE";;2007-03-19;"ADOS";;"N";"N";"N";"N";;0;;;;;;;;;;;;;;;;;6230;"SYKKYLVEN";1528;"SYKKYLVEN";"NO";"Norge";;"N";"N";"N";
990491178;"SKATTEOPPKREVEREN I GISKE KOMMUNE";;2007-03-19;"ADOS";;"N";"N";"N";"N";;0;;;;;;;;;;;;;;;;;6050;"VALDERØYA";1532;"GISKE";"NO";"Norge";;"N";"N";"N";
990491054;"SKATTEOPPKREVJAREN I HERØY KOMMUNE";;2007-03-19;"ADOS";"www.heroy.kommune.no";"N";"N";"N";"N";;0;;;;;;;;;"Postboks 173";6099;"FOSNAVÅG";1515;"HERØY";"NO";"Norge";"RÅDHUSET";6090;"FOSNAVÅG";1515;"HERØY";"NO";"Norge";;"N";"N";"N";
990491070;"SKATTEOPPKREVJAREN I HAREID";;2007-03-19;"ADOS";;"N";"N";"N";"N";;0;;;;;;;;;;;;;;;;"Rådhusplassen 5";6060;"HAREID";1517;"HAREID";"NO";"Norge";;"N";"N";"N";
990491097;"SKATTEOPPKREVEREN I ØRSTA KOMMUNE";;2007-03-19;"ADOS";;"N";"N";"N";"N";;0;;;;;;;;;;;;;;;;"Dalevegen 6";6153;"ØRSTA";1520;"ØRSTA";"NO";"Norge";;"N";"N";"N";
990491119;"SKATTEOPPKREVEREN I NORDDAL KOMMUNE";;2007-03-19;"ADOS";;"N";"N";"N";"N";;0;;;;;;;;;;;;;;;;"RÅDHUSET";6210;"VALLDAL";1524;"NORDDAL";"NO";"Norge";;"N";"N";"N";
990491135;"SKATTEOPPKREVEREN I STORDAL KOMMUNE";;2007-03-19;"ADOS";;"N";"N";"N";"N";;0;;;;;;;;;;;;;;;;"KOMMUNEHUSET";6250;"STORDAL";1526;"STORDAL";"NO";"Norge";;"N";"N";"N";
990491151;"SKATTEOPPKREVEREN I SKODJE KOMMUNE";;2007-03-19;"ADOS";;"N";"N";"N";"N";;0;;;;;;;;;;;;;;;;;6260;"SKODJE";1529;"SKODJE";"NO";"Norge";;"N";"N";"N";
990491186;"SKATTEOPPKREVEREN I HARAM KOMMUNE";;2007-03-19;"ADOS";;"N";"N";"N";"N";;0;;;;;;;;;;;;;;;;"Storgata 19";6270;"BRATTVÅG";1534;"HARAM";"NO";"Norge";;"N";"N";"N";
990491208;"SKATTEOPPKREVEREN I RAUMA KOMMUNE";;2007-03-19;"ADOS";;"N";"N";"N";"N";;0;;;;;;;;;;;;;;;;"Vollan 8A";6300;"ÅNDALSNES";1539;"RAUMA";"NO";"Norge";;"N";"N";"N";
990491224;"SKATTEOPPKREVJAREN I MIDSUND";;2007-03-19;"ADOS";;"N";"N";"N";"N";;0;;;;;;;;;;;;;;;;;6475;"MIDSUND";1545;"MIDSUND";"NO";"Norge";;"N";"N";"N";
990491240;"SKATTEOPPKREVEREN I AUKRA KOMMUNE";;2007-03-19;"ADOS";;"N";"N";"N";"N";;0;;;;;;;;;;;;;;;;"Falkhytten";6480;"AUKRA";1547;"AUKRA";"NO";"Norge";;"N";"N";"N";
990491267;"SKATTEOPPKREVEREN I EIDE KOMMUNE";;2007-03-19;"ADOS";;"N";"N";"N";"N";;0;;;;;;;;;"c/o Skatteoppkreveren i Fræna Rådhuset";6440;"ELNESVÅGEN";1548;"FRÆNA";"NO";"Norge";"Rådhuset";6440;"ELNESVÅGEN";1548;"FRÆNA";"NO";"Norge";;"N";"N";"N";
990491291;"SKATTEOPPKREVEREN I GJEMNES KOMMUNE";;2007-03-19;"ADOS";;"N";"N";"N";"N";;0;;;;;;;;;;;;;;;;;6631;"BATNFJORDSØRA";1557;"GJEMNES";"NO";"Norge";;"N";"N";"N";
990491313;"SKATTEOPPKREVEREN I SUNNDAL KOMMUNE";;2007-03-19;"ADOS";;"N";"N";"N";"N";;0;;;;;;;;;"Postboks 94";6601;"SUNNDALSØRA";1563;"SUNNDAL";"NO";"Norge";"Romsdalsvegen 2";6600;"SUNNDALSØRA";1563;"SUNNDAL";"NO";"Norge";;"N";"N";"N";
990491194;"SKATTEOPPKREVEREN I VESTNES KOMMUNE";;2007-03-19;"ADOS";"vestnes.kommune.no";"N";"N";"N";"N";;0;;;;;;;;;"Kemneren i Molde og Vestnes Rådhusplassen 1";6413;"MOLDE";1502;"MOLDE";"NO";"Norge";"Byfogd Motzfeldts gate 6";6413;"MOLDE";1502;"MOLDE";"NO";"Norge";;"N";"N";"N";
990491216;"SKATTEOPPKREVEREN I NESSET KOMMUNE";;2007-03-19;"ADOS";;"N";"N";"N";"N";;0;;;;;;;;;;;;;;;;"Kommunehuset";6460;"EIDSVÅG I ROMSDAL";1543;"NESSET";"NO";"Norge";;"N";"N";"N";
990491232;"KOMMUNEKASSERAREN I SANDØY";;2007-03-19;"ADOS";;"N";"N";"N";"N";;0;;;;;;;;;;;;;;;;"HARNESHAUG";6487;"HARØY";1546;"SANDØY";"NO";"Norge";;"N";"N";"N";
990491259;"SKATTEOPPKREVEREN I FRÆNA KOMMUNE";;2007-03-19;"ADOS";;"N";"N";"N";"N";;0;;;;;;;;;;;;;;;;"RÅDHUSET";6440;"ELNESVÅGEN";1548;"FRÆNA";"NO";"Norge";;"N";"N";"N";
990491275;"SKATTEOPPKREVEREN I AVERØY KOMMUNE";;2007-03-19;"ADOS";;"N";"N";"N";"N";;0;;;;;;;;;"Postboks 152";6538;"AVERØY";1554;"AVERØY";"NO";"Norge";"Bruhagen";6530;"AVERØY";1554;"AVERØY";"NO";"Norge";;"N";"N";"N";
990491305;"SKATTEOPPKREVEREN I TINGVOLL KOMMUNE";;2007-03-19;"ADOS";;"N";"N";"N";"N";;0;;;;;;;;;;;;;;;;;6630;"TINGVOLL";1560;"TINGVOLL";"NO";"Norge";;"N";"N";"N";
990491321;"SKATTEOPPKREVEREN I SURNADAL KOMMUNE";;2007-03-19;"ADOS";;"N";"N";"N";"N";;0;;;;;;;;;;;;;;;;;6650;"SURNADAL";1566;"SURNADAL";"NO";"Norge";;"N";"N";"N";
990491356;"SKATTEOPPKREVEREN I SMØLA KOMMUNE";;2007-03-19;"ADOS";;"N";"N";"N";"N";;0;;;;;;;;;;;;;;;;"RÅDHUSET";6570;"SMØLA";1573;"SMØLA";"NO";"Norge";;"N";"N";"N";
990491372;"TRONDHEIM KEMNERKONTOR";;2007-03-19;"ADOS";;"N";"N";"N";"N";;0;;;;;;;;;"Postboks 2300 Sluppen";7004;"TRONDHEIM";1601;"TRONDHEIM";"NO";"Norge";"Prinsens gate 49";7011;"TRONDHEIM";1601;"TRONDHEIM";"NO";"Norge";;"N";"N";"N";
990491399;"SKATTEOPPKREVEREN I SNILLFJORD KOMMUNE";;2007-03-19;"ADOS";;"N";"N";"N";"N";;0;;;;;;;;;;;;;;;;"KROKSTADØRA";7257;"SNILLFJORD";1613;"SNILLFJORD";"NO";"Norge";;"N";"N";"N";
990491410;"SKATTEOPPKREVEREN I FRØYA KOMMUNE";;2007-03-19;"ADOS";;"N";"N";"N";"N";;0;;;;;;;;;;;;;;;;"Rådhuset";7240;"HITRA";1617;"HITRA";"NO";"Norge";;"N";"N";"N";
990491437;"SKATTEOPPKREVEREN I AGDENES KOMMUNE";;2007-03-19;"ADOS";;"N";"N";"N";"N";;0;;;;;;;;;;;;;;;;;7316;"LENSVIK";1622;"AGDENES";"NO";"Norge";;"N";"N";"N";
990491453;"KEMNEREN I BJUGN";;2007-03-19;"ADOS";;"N";"N";"N";"N";;0;;;;;;;;;;;;;;;;"Kemnerkontoret for Fosen";7120;"LEKSVIK";1718;"LEKSVIK";"NO";"Norge";;"N";"N";"N";
990491348;"SKATTEOPPKREVEREN I HALSA KOMMUNE";;2007-03-19;"ADOS";;"N";"N";"N";"N";;0;;;;;;;;;;;;;;;;;6683;"VÅGLAND";1571;"HALSA";"NO";"Norge";;"N";"N";"N";
990491364;"SKATTEOPPKREVEREN I AURE KOMMUNE";;2007-03-19;"ADOS";;"N";"N";"N";"N";;0;;;;;;;;;;;;;;;;"Rådhuset";6690;"AURE";1576;"AURE";"NO";"Norge";;"N";"N";"N";
990491380;"KEMNEREN I HEMNE";;2007-03-19;"ADOS";;"N";"N";"N";"N";;0;;;;;;;;;;;;;;;;"Trondheimsveien 1";7200;"KYRKSÆTERØRA";1612;"HEMNE";"NO";"Norge";;"N";"N";"N";
990491402;"SKATTEOPPKREVEREN I HITRA KOMMUNE";;2007-03-19;"ADOS";;"N";"N";"N";"N";;0;;;;;;;;;;;;;;;;;7240;"HITRA";1617;"HITRA";"NO";"Norge";;"N";"N";"N";
990491429;"KEMNEREN I ØRLAND KOMMUNE";;2007-03-19;"ADOS";;"N";"N";"N";"N";;0;;;;;;;;;;;;;;;;"Kemnerkontoret for Fosen";7120;"LEKSVIK";1718;"LEKSVIK";"NO";"Norge";;"N";"N";"N";
990491445;"KEMNEREN I RISSA KOMMUNE";;2007-03-19;"ADOS";;"N";"N";"N";"N";;0;;;;;;;;;;;;;;;;"Kemnerkontoret for Fosen";7120;"LEKSVIK";1718;"LEKSVIK";"NO";"Norge";;"N";"N";"N";
990491461;"KEMNEREN I ÅFJORD";;2007-03-19;"ADOS";;"N";"N";"N";"N";;0;;;;;;;;;;;;;;;;"Kemnerkontoret for Fosen";7120;"LEKSVIK";1718;"LEKSVIK";"NO";"Norge";;"N";"N";"N";
990491763;"SKATTEOPPKREVEREN I MIDTRE NAMDAL   RØYRVIK KOMMUNE";;2007-03-19;"ADOS";;"N";"N";"N";"N";;0;;;;;;;;;"Postboks 333  Sentrum";7801;"NAMSOS";1703;"NAMSOS";"NO";"Norge";"Abel Meyers gate 10";7800;"NAMSOS";1703;"NAMSOS";"NO";"Norge";;"N";"N";"N";
990491917;"SKATTEOPPKREVEREN I VEGA KOMMUNE";;2007-03-19;"ADOS";;"N";"N";"N";"N";;0;;;;;;;;;;;;;;;;"Gladstad";8980;"VEGA";1815;"VEGA";"NO";"Norge";;"N";"N";"N";
990492069;"SKATTEOPPKREVEREN I MELØY KOMMUNE";;2007-03-19;"ADOS";;"N";"N";"N";"N";;0;;;;;;;;;;;;;;;;"RÅDHUSET";8150;"ØRNES";1837;"MELØY";"NO";"Norge";;"N";"N";"N";
990492212;"SKATTEOPPKREVEREN I FLAKSTAD KOMMUNE";;2007-03-19;"ADOS";;"N";"N";"N";"N";;0;;;;;;;;;;;;;;;;;8380;"RAMBERG";1859;"FLAKSTAD";"NO";"Norge";;"N";"N";"N";
990492239;"SKATTEOPPKREVEREN I VÅGAN KOMMUNE";;2007-03-19;"ADOS";;"N";"N";"N";"N";;0;;;;;;;;;;;;;;;;"Storgata 29";8300;"SVOLVÆR";1865;"VÅGAN";"NO";"Norge";;"N";"N";"N";
990491488;"KEMNEREN I OSEN";;2007-03-19;"ADOS";;"N";"N";"N";"N";;0;;;;;;;;;;;;;;;;"Kemnerkontoret for Fosen";7120;"LEKSVIK";1718;"LEKSVIK";"NO";"Norge";;"N";"N";"N";
990491496;"SKATTEOPPKREVEREN I OPPDAL KOMMUNE";;2007-03-19;"ADOS";;"N";"N";"N";"N";;0;;;;;;;;;;;;;;;;"INGE KROKANSVEI";7340;"OPPDAL";1634;"OPPDAL";"NO";"Norge";;"N";"N";"N";
990491518;"SKATTEOPPKREVEREN I MELDAL KOMMUNE";;2007-03-19;"ADOS";;"N";"N";"N";"N";;0;;;;;;;;;;;;;;;;"Kvamsveien 2";7336;"MELDAL";1636;"MELDAL";"NO";"Norge";;"N";"N";"N";
990491526;"KEMNERKONTORET I ORKDAL";;2007-03-19;"ADOS";;"N";"N";"N";"N";;0;;;;;;;;;"Postboks 83";7301;"ORKANGER";1638;"ORKDAL";"NO";"Norge";;7300;"ORKANGER";1638;"ORKDAL";"NO";"Norge";;"N";"N";"N";
990491534;"KEMNEREN I RØROS - OS - HOLTÅLEN";;2007-03-19;"ADOS";;"N";"N";"N";"N";;0;;;;;;;;;;;;;;;;"Tollef Bredals vei 13";7374;"RØROS";1640;"RØROS";"NO";"Norge";;"N";"N";"N";
990491542;"KEMNEREN I RØROS - OS - HOLTÅLEN";;2007-03-19;"ADOS";;"N";"N";"N";"N";;0;;;;;;;;;;;;;;;;"Tollef Bredals vei 13";7374;"RØROS";1640;"RØROS";"NO";"Norge";;"N";"N";"N";
990491550;"SKATTEOPPKREVEREN I MIDTRE GAULDAL";;2007-03-19;"ADOS";;"N";"N";"N";"N";;0;;;;;;;;;;;;;;;;"Melhus rådhus";7224;"MELHUS";1653;"MELHUS";"NO";"Norge";;"N";"N";"N";
990491569;"KEMNEREN I MELHUS KOMMUNE";;2007-03-19;"ADOS";;"N";"N";"N";"N";;0;;;;;;;;;;;;;;;;;7224;"MELHUS";1653;"MELHUS";"NO";"Norge";;"N";"N";"N";
990491577;"SKATTEOPPKREVEREN I SKAUN KOMMUNE";;2007-03-19;"ADOS";;"N";"N";"N";"N";;0;;;;;;;;;;;;;;;;"Melhus rådhus";7224;"MELHUS";1653;"MELHUS";"NO";"Norge";;"N";"N";"N";
990491585;"KLÆBU KEMNERKONTOR";;2007-03-19;"ADOS";;"N";"N";"N";"N";;0;;;;;;;;;;7004;"TRONDHEIM";1601;"TRONDHEIM";"NO";"Norge";"Prinsens gate 49";7011;"TRONDHEIM";1601;"TRONDHEIM";"NO";"Norge";;"N";"N";"N";
990491593;"SKATTEOPPKREVEREN I MALVIK KOMMUNE";;2007-03-19;"ADOS";;"N";"N";"N";"N";;0;;;;;;;;;;;;;;;;;7550;"HOMMELVIK";1663;"MALVIK";"NO";"Norge";;"N";"N";"N";
990491607;"KOMMUNEKASSEREREN I SELBU KOMMUNE";;2007-03-19;"ADOS";;"N";"N";"N";"N";;0;;;;;;;;;;;;;;;;;7580;"SELBU";1664;"SELBU";"NO";"Norge";;"N";"N";"N";
990491615;"SKATTEOPPKREVEREN I TYDAL KOMMUNE";;2007-03-19;"ADOS";;"N";"N";"N";"N";;0;;;;;;;;;;;;;;;;"ÅS";7590;"TYDAL";1665;"TYDAL";"NO";"Norge";;"N";"N";"N";
990491658;"SKATTEOPPKREVEREN I STJØRDAL KOMMUNE";;2007-03-19;"ADOS";;"N";"N";"N";"N";;0;;;;;;;;;;;;;;;;"Kjøpmannsgata 9";7500;"STJØRDAL";1714;"STJØRDAL";"NO";"Norge";;"N";"N";"N";
990491712;"SKATTEOPPKREVEREN I VERRAN KOMMUNE";;2007-03-19;"ADOS";;"N";"N";"N";"N";;0;;;;;;;;;"Liavegen 1";7790;"MALM";1724;"VERRAN";"NO";"Norge";"Kjerkbakken 2";7790;"MALM";1724;"VERRAN";"NO";"Norge";;"N";"N";"N";
990491739;"SKATTEOPPKREVEREN I INDERØY KOMMUNE";;2007-03-19;"ADOS";;"N";"N";"N";"N";;0;;;;;;;;;"Liavegen 1";7790;"MALM";1724;"VERRAN";"NO";"Norge";"Kjerkbakken 2";7790;"MALM";1724;"VERRAN";"NO";"Norge";;"N";"N";"N";
990491674;"KEMNEREN I LEKSVIK";;2007-03-19;"ADOS";;"N";"N";"N";"N";;0;;;;;;;;;;;;;;;;"Kemmnerkontoret for Fosen Vinnasand 9";7120;"LEKSVIK";1718;"LEKSVIK";"NO";"Norge";;"N";"N";"N";
990491631;"SKATTEOPPKREVEREN I MIDTRE NAMDAL  NAMSOS KOMMUNE";;2007-03-19;"ADOS";;"N";"N";"N";"N";;0;;;;;;;;;"Postboks 333 Sentrum";7801;"NAMSOS";1703;"NAMSOS";"NO";"Norge";"Abel Meyers gate 10";7800;"NAMSOS";1703;"NAMSOS";"NO";"Norge";;"N";"N";"N";
990491666;"SKATTEOPPKREVEREN I FROSTA KOMMUNE";;2007-03-19;"ADOS";;"N";"N";"N";"N";;0;;;;;;;;;;;;;;;;"KOMMUNEHUSET";7633;"FROSTA";1717;"FROSTA";"NO";"Norge";;"N";"N";"N";
990491682;"LEVANGER KEMNERKONTOR";;2007-03-19;"ADOS";;"N";"N";"N";"N";;0;;;;;;;;;"Postboks 130";7601;"LEVANGER";1719;"LEVANGER";"NO";"Norge";"Rådhuset";7600;"LEVANGER";1719;"LEVANGER";"NO";"Norge";;"N";"N";"N";
990491690;"VERDAL KEMNERKONTOR";;2007-03-19;"ADOS";;"N";"N";"N";"N";;0;;;;;;;;;"Postboks 130";7601;"LEVANGER";1719;"LEVANGER";"NO";"Norge";"Rådhuset";7600;"LEVANGER";1719;"LEVANGER";"NO";"Norge";;"N";"N";"N";
990491704;"KEMNEREN I MOSVIK";;2007-03-19;"ADOS";;"N";"N";"N";"N";;0;;;;;;;;;;;;;;;;"Kemnerkontoret for Fosen";7120;"LEKSVIK";1718;"LEKSVIK";"NO";"Norge";;"N";"N";"N";
990491720;"SKATTEOPPKREVEREN I MIDTRE NAMDAL  NAMDALSEID KOMMUNE";;2007-03-19;"ADOS";;"N";"N";"N";"N";;0;;;;;;;;;"Postboks 333 Sentrum";7801;"NAMSOS";1703;"NAMSOS";"NO";"Norge";"Abel Meyers gate 10";7800;"NAMSOS";1703;"NAMSOS";"NO";"Norge";;"N";"N";"N";
990491747;"SKATTEOPPKREVEREN I SNÅSA KOMMUNE";;2007-03-19;"ADOS";;"N";"N";"N";"N";;0;;;;;;;;;;;;;;;;"HERREDSHUSET";7760;"SNÅSA";1736;"SNÅSA";"NO";"Norge";;"N";"N";"N";
990491755;"SKATTEOPPKREVEREN I MIDTRE NAMDAL  LIERNE KOMMUNE";;2007-03-19;"ADOS";;"N";"N";"N";"N";;0;;;;;;;;;"Postboks 333 Sentrum";7801;"NAMSOS";1703;"NAMSOS";"NO";"Norge";"Abel Meyers gate 10";7800;"NAMSOS";1703;"NAMSOS";"NO";"Norge";;"N";"N";"N";
990491771;"SKATTEOPPKREVEREN I NAMSSKOGAN KOMMUNE";;2007-03-19;"ADOS";;"N";"N";"N";"N";;0;;;;;;;;;;;;;;;;;7890;"NAMSSKOGAN";1740;"NAMSSKOGAN";"NO";"Norge";;"N";"N";"N";
990491798;"SKATTEOPPKREVEREN I HØYLANDET KOMMUNE";;2007-03-19;"ADOS";;"N";"N";"N";"N";;0;;;;;;;;;"Postboks 333 Sentrum";7801;"NAMSOS";1703;"NAMSOS";"NO";"Norge";;7977;"HØYLANDET";1743;"HØYLANDET";"NO";"Norge";;"N";"N";"N";
990491801;"SKATTEOPPKREVEREN I MIDTRE NAMDAL  OVERHALLA KOMMUNE";;2007-03-19;"ADOS";;"N";"N";"N";"N";;0;;;;;;;;;"Postboks 333 Sentrum";7801;"NAMSOS";1703;"NAMSOS";"NO";"Norge";"Abel Meyers gate 10";7800;"NAMSOS";1703;"NAMSOS";"NO";"Norge";;"N";"N";"N";
990491828;"SKATTEOPPKREVEREN I MIDTRE NAMDAL  FLATANGER KOMMUNE";;2007-03-19;"ADOS";;"N";"N";"N";"N";;0;;;;;;;;;"Postboks 333 Sentrum";7801;"NAMSOS";1703;"NAMSOS";"NO";"Norge";"Abel Meyers gate 10";7800;"NAMSOS";1703;"NAMSOS";"NO";"Norge";;"N";"N";"N";
990491836;"SKATTEOPPKREVEREN I VIKNA KOMMUNE";;2007-03-19;"ADOS";;"N";"N";"N";"N";;0;;;;;;;;;"Postboks 133 Sentrum";7901;"RØRVIK";1750;"VIKNA";"NO";"Norge";"Engasvegen 27";7900;"RØRVIK";1750;"VIKNA";"NO";"Norge";;"N";"N";"N";
990491844;"SKATTEOPPKREVEREN I NÆRØY KOMMUNE";;2007-03-19;"ADOS";;"N";"N";"N";"N";;0;;;;;;;;;;;;;;;;"Idrettsvegen 1";7970;"KOLVEREID";1751;"NÆRØY";"NO";"Norge";;"N";"N";"N";
990491852;"SKATTEOPPKREVEREN I LEKA KOMMUNE";;2007-03-19;"ADOS";;"N";"N";"N";"N";;0;;;;;;;;;;;;;;;;;7994;"LEKA";1755;"LEKA";"NO";"Norge";;"N";"N";"N";
990491860;"KEMNEREN I BODØ";;2007-03-19;"ADOS";;"N";"N";"N";"N";;0;;;;;;;;;"Postboks 423";8001;"BODØ";1804;"BODØ";"NO";"Norge";"Moloveien 20";8003;"BODØ";1804;"BODØ";"NO";"Norge";;"N";"N";"N";
990491879;"KEMNEREN I NARVIK";;2007-03-19;"ADOS";;"N";"N";"N";"N";;0;;;;;;;;;;8512;"NARVIK";1805;"NARVIK";"NO";"Norge";"Kongens gate 45";8514;"NARVIK";1805;"NARVIK";"NO";"Norge";;"N";"N";"N";
990491887;"SKATTEOPPKREVEREN I BINDAL KOMMUNE";;2007-03-19;"ADOS";;"N";"N";"N";"N";;0;;;;;;;;;;;;;;;;"Oldervikveien 5";7980;"TERRÅK";1811;"BINDAL";"NO";"Norge";;"N";"N";"N";
990491895;"SKATTEOPPKREVEREN I SØMNA KOMMUNE";;2007-03-19;"ADOS";;"N";"N";"N";"N";;0;;;;;;;;;;;;;;;;"Vik";8920;"SØMNA";1812;"SØMNA";"NO";"Norge";;"N";"N";"N";
990491909;"KEMNEREN I BRØNNØY KOMMUNE";;2007-03-19;"ADOS";;"N";"N";"N";"N";;0;;;;;;;;;;8905;"BRØNNØYSUND";1813;"BRØNNØY";"NO";"Norge";"Sivert Nielsens gate 24";8904;"BRØNNØYSUND";1813;"BRØNNØY";"NO";"Norge";;"N";"N";"N";
990491925;"SKATTEOPPKREVEREN I VEVELSTAD KOMMUNE";;2007-03-19;"ADOS";;"N";"N";"N";"N";;0;;;;;;;;;;;;;;;;"KOMMUNEHUSET";8976;"VEVELSTAD";1816;"VEVELSTAD";"NO";"Norge";;"N";"N";"N";
990491933;"SKATTEOPPKREVEREN I HERØY KOMMUNE";;2007-03-19;"ADOS";;"N";"N";"N";"N";;0;;;;;;;;;"Rådhuset";8805;"SANDNESSJØEN";1820;"ALSTAHAUG";"NO";"Norge";"Strandgata 52";8800;"SANDNESSJØEN";1820;"ALSTAHAUG";"NO";"Norge";;"N";"N";"N";
990491941;"SKATTEOPPKREVEREN I ALSTAHAUG KOMMUNE";;2007-03-19;"ADOS";;"N";"N";"N";"N";;0;;;;;;;;;"Rådhuset";8805;"SANDNESSJØEN";1820;"ALSTAHAUG";"NO";"Norge";"Strandgata 52";8800;"SANDNESSJØEN";1820;"ALSTAHAUG";"NO";"Norge";;"N";"N";"N";
990491968;"SKATTEOPPKREVEREN I VEFSN KOMMUNE";;2007-03-19;"ADOS";;"N";"N";"N";"N";;0;;;;;;;;;;;;;;;;"Skjervgata 43";8657;"MOSJØEN";1824;"VEFSN";"NO";"Norge";;"N";"N";"N";
990491976;"SKATTEOPPKREVEREN I GRANE KOMMUNE";;2007-03-19;"ADOS";;"N";"N";"N";"N";;0;;;;;;;;;;;;;;;;"Industriveien 2";8680;"TROFORS";1825;"GRANE";"NO";"Norge";;"N";"N";"N";
990491984;"SKATTEOPPKREVEREN I HATTFJELLDAL KOMMUNE";;2007-03-19;"ADOS";;"N";"N";"N";"N";;0;;;;;;;;;;;;;;;;"O.T.Olsens vei 3 A";8690;"HATTFJELLDAL";1826;"HATTFJELLDAL";"NO";"Norge";;"N";"N";"N";
990491992;"SKATTEOPPKREVEREN I DØNNA KOMMUNE";;2007-03-19;"ADOS";;"N";"N";"N";"N";;0;;;;;;;;;"Rådhuset";8805;"SANDNESSJØEN";1820;"ALSTAHAUG";"NO";"Norge";"Strandgata 52";8800;"SANDNESSJØEN";1820;"ALSTAHAUG";"NO";"Norge";;"N";"N";"N";
990492018;"SKATTEOPPKREVEREN I HEMNES KOMMUNE";;2007-03-19;"ADOS";;"N";"N";"N";"N";;0;;;;;;;;;;;;;;;;"Sentrumsveien 1";8646;"KORGEN";1832;"HEMNES";"NO";"Norge";;"N";"N";"N";
990492026;"SKATTEOPPKREVEREN I RANA KOMMUNE";;2007-03-19;"ADOS";"www.rana.kommune.no";"N";"N";"N";"N";;0;;;;;;;;;"Postboks 173";8601;"MO I RANA";1833;"RANA";"NO";"Norge";"Rådhusplassen 2";8622;"MO I RANA";1833;"RANA";"NO";"Norge";;"N";"N";"N";
990492034;"SKATTEOPPKREVEREN I LURØY KOMMUNE";;2007-03-19;"ADOS";;"N";"N";"N";"N";;0;;;;;;;;;;;;;;;;;8766;"LURØY";1834;"LURØY";"NO";"Norge";;"N";"N";"N";
990492042;"SKATTEOPPKREVEREN I TRÆNA KOMMUNE";;2007-03-19;"ADOS";;"N";"N";"N";"N";;0;;;;;;;;;;;;;;;;;8770;"TRÆNA";1835;"TRÆNA";"NO";"Norge";;"N";"N";"N";
990492050;"SKATTEOPPKREVEREN I RØDØY KOMMUNE";;2007-03-19;"ADOS";;"N";"N";"N";"N";;0;;;;;;;;;;;;;;;;"Kommunehuset";8185;"VÅGAHOLMEN";1836;"RØDØY";"NO";"Norge";;"N";"N";"N";
990492077;"SKATTEOPPKREVEREN I GILDESKÅL";;2007-03-19;"ADOS";;"N";"N";"N";"N";;0;;;;;;;;;"Postboks 54";8138;"INNDYR";1838;"GILDESKÅL";"NO";"Norge";"Rådhuset";8140;"INNDYR";1838;"GILDESKÅL";"NO";"Norge";;"N";"N";"N";
990492085;"SKATTEOPPKREVEREN I BEIARN KOMMUNE";;2007-03-19;"ADOS";;"N";"N";"N";"N";;0;;;;;;;;;;;;;;;;"MOLDJORD";8110;"MOLDJORD";1839;"BEIARN";"NO";"Norge";;"N";"N";"N";
990492093;"SKATTEOPPKREVEREN I SALTDAL KOMMUNE";;2007-03-19;"ADOS";;"N";"N";"N";"N";;0;;;;;;;;;;;;;;;;"Kirkegata 23";8250;"ROGNAN";1840;"SALTDAL";"NO";"Norge";;"N";"N";"N";
990492107;"SKATTEOPPKREVEREN I FAUSKE KOMMUNE";;2007-03-19;"ADOS";;"N";"N";"N";"N";;0;;;;;;;;;"Postboks 94";8201;"FAUSKE";1841;"FAUSKE";"NO";"Norge";"Torggata 11/21";8200;"FAUSKE";1841;"FAUSKE";"NO";"Norge";;"N";"N";"N";
990492115;"SKATTEOPPKREVEREN I SØRFOLD KOMMUNE";;2007-03-19;"ADOS";;"N";"N";"N";"N";;0;;;;;;;;;;;;;;;;"RÅDHUSET";8226;"STRAUMEN";1845;"SØRFOLD";"NO";"Norge";;"N";"N";"N";
990492123;"SKATTEOPPKREVEREN I STEIGEN KOMMUNE";;2007-03-19;"ADOS";;"N";"N";"N";"N";;0;;;;;;;;;;;;;;;;;8283;"LEINESFJORD";1848;"STEIGEN";"NO";"Norge";;"N";"N";"N";
990492131;"SKATTEOPPKREVEREN I HAMARØY KOMMUNE";;2007-03-19;"ADOS";;"N";"N";"N";"N";;0;;;;;;;;;;;;;;;;"KOMMUNEHUSET OPPEID";8294;"HAMARØY";1849;"HAMARØY";"NO";"Norge";;"N";"N";"N";
990492158;"SKATTEOPPKREVEREN I LØDINGEN KOMMUNE";;2007-03-19;"ADOS";;"N";"N";"N";"N";;0;;;;;;;;;;;;;;;;"Rådhusvegen 27";8410;"LØDINGEN";1851;"LØDINGEN";"NO";"Norge";;"N";"N";"N";
990492166;"SKATTEOPPKREVEREN I TJELDSUND KOMMUNE";;2007-03-19;"ADOS";;"N";"N";"N";"N";;0;;;;;;;;;;;;;;;;"RÅDHUSET";9444;"HOL I TJELDSUND";1852;"TJELDSUND";"NO";"Norge";;"N";"N";"N";
990492174;"SKATTEOPPKREVEREN I EVENES";;2007-03-19;"ADOS";;"N";"N";"N";"N";;0;;;;;;;;;;;;;;;;"Rådhuset";9444;"HOL I TJELDSUND";1852;"TJELDSUND";"NO";"Norge";;"N";"N";"N";
990492182;"SKATTEOPPKREVEREN I BALLANGEN KOMMUNE";;2007-03-19;"ADOS";;"N";"N";"N";"N";;0;;;;;;;;;;;;;;;;"Rådhusveien 1";8540;"BALLANGEN";1854;"BALLANGEN";"NO";"Norge";;"N";"N";"N";
990492190;"SKATTEOPPKREVEREN I RØST KOMMUNE";;2007-03-19;"ADOS";;"N";"N";"N";"N";;0;;;;;;;;;;;;;;;;;8064;"RØST";1856;"RØST";"NO";"Norge";;"N";"N";"N";
990492204;"SKATTEOPPKREVEREN I VÆRØY KOMMUNE";;2007-03-19;"ADOS";;"N";"N";"N";"N";;0;;;;;;;;;;;;;;;;"Rådhuset";8063;"VÆRØY";1857;"VÆRØY";"NO";"Norge";;"N";"N";"N";
990492220;"SKATTEOPPKREVEREN I VESTVÅGØY KOMMUNE";;2007-03-19;"ADOS";;"N";"N";"N";"N";;0;;;;;;;;;"Postboks 203";8376;"LEKNES";1860;"VESTVÅGØY";"NO";"Norge";"Storgata 37";8370;"LEKNES";1860;"VESTVÅGØY";"NO";"Norge";;"N";"N";"N";
990492247;"KEMNEREN I HADSEL KOMMUNE";;2007-03-19;"ADOS";;"N";"N";"N";"N";;0;;;;;;;;;;;;;;;;"Rådhusgata 5";8450;"STOKMARKNES";1866;"HADSEL";"NO";"Norge";;"N";"N";"N";
990492263;"SKATTEOPPKREVEREN I ØKSNES KOMMUNE";;2007-03-19;"ADOS";"www.oksnes.kommune.no";"N";"N";"N";"N";;0;;;;;;;;;;;;;;;;"Storgata 27";8430;"MYRE";1868;"ØKSNES";"NO";"Norge";;"N";"N";"N";
990492298;"SKATTEOPPKREVEREN I MOSKENES KOMMUNE";;2007-03-19;"ADOS";;"N";"N";"N";"N";;0;;;;;;;;;"Rådhuset";8390;"REINE";1874;"MOSKENES";"NO";"Norge";"Rådhuset";8390;"REINE";1874;"MOSKENES";"NO";"Norge";;"N";"N";"N";
990492328;"SKATTEOPPKREVEREN I KVÆFJORD KOMMUNE";;2007-03-19;"ADOS";;"N";"N";"N";"N";;0;;;;;;;;;;;;;;;;"Bygdevegen 26";9475;"BORKENES";1911;"KVÆFJORD";"NO";"Norge";;"N";"N";"N";
990492344;"SKATTEOPPKREVEREN I BJARKØY KOMMUNE";;2007-03-19;"ADOS";;"N";"N";"N";"N";;0;;;;;;;;;;;;;;;;;9426;"BJARKØY";1903;"HARSTAD";"NO";"Norge";;"N";"N";"N";
990492360;"SKATTEOPPKREVEREN I GRATANGEN KOMMUNE";;2007-03-19;"ADOS";;"N";"N";"N";"N";;0;;;;;;;;;;;;;;;;"ÅRSTEIN";9470;"GRATANGEN";1919;"GRATANGEN";"NO";"Norge";;"N";"N";"N";
990492387;"SKATTEOPPKREVEREN I BARDU KOMMUNE";;2007-03-19;"ADOS";;"N";"N";"N";"N";;0;;;;;;;;;;;;;;;;"Altevannsveien 16";9360;"BARDU";1922;"BARDU";"NO";"Norge";;"N";"N";"N";
990492409;"SKATTEOPPKREVEREN I MÅLSELV KOMMUNE";;2007-03-19;"ADOS";;"N";"N";"N";"N";;0;;;;;;;;;;;;;;;;"Kommunehuset";9321;"MOEN";1924;"MÅLSELV";"NO";"Norge";;"N";"N";"N";
990492425;"SKATTEOPPKREVEREN I DYRØY KOMMUNE";;2007-03-19;"ADOS";;"N";"N";"N";"N";;0;;;;;;;;;;;;;;;;"Dyrøytunet 1";9311;"BRØSTADBOTN";1926;"DYRØY";"NO";"Norge";;"N";"N";"N";
990492441;"SKATTEOPPKREVEREN I TORSKEN KOMMUNE";;2007-03-19;"ADOS";;"N";"N";"N";"N";;0;;;;;;;;;;;;;;;;"Kommunehuset";9380;"GRYLLEFJORD";1928;"TORSKEN";"NO";"Norge";;"N";"N";"N";
990492476;"SKATTEOPPKREVEREN I BALSFJORD KOMMUNE";;2007-03-19;"ADOS";;"N";"N";"N";"N";;0;;;;;;;;;;;;;;;;"Rådhusgata 11";9050;"STORSTEINNES";1933;"BALSFJORD";"NO";"Norge";;"N";"N";"N";
990492492;"SKATTEOPPKREVEREN I LYNGEN KOMMUNE";;2007-03-19;"ADOS";;"N";"N";"N";"N";;0;;;;;;;;;;;;;;;;"Kjosveien 12";9060;"LYNGSEIDET";1938;"LYNGEN";"NO";"Norge";;"N";"N";"N";
990492255;"SKATTEOPPKREVEREN I BØ KOMMUNE";;2007-03-19;"ADOS";;"N";"N";"N";"N";;0;;;;;;;;;;;;;;;;"RÅDHUSET";8475;"STRAUMSJØEN";1867;"BØ";"NO";"Norge";;"N";"N";"N";
990492271;"SKATTEOPPKREVEREN I SORTLAND KOMMUNE";;2007-03-19;"ADOS";;"N";"N";"N";"N";;0;;;;;;;;;"Postboks 117";8401;"SORTLAND";1870;"SORTLAND";"NO";"Norge";"Vesterålsgata 57";8400;"SORTLAND";1870;"SORTLAND";"NO";"Norge";;"N";"N";"N";
990492301;"KEMNEREN I HARSTAD";;2007-03-19;"ADOS";;"N";"N";"N";"N";;0;;;;;;;;;"Rådhuset";9479;"HARSTAD";1903;"HARSTAD";"NO";"Norge";"Asbjørn Selsbanes gate 9";9405;"HARSTAD";1903;"HARSTAD";"NO";"Norge";;"N";"N";"N";
990492336;"SKATTEOPPKREVEREN I SKÅNLAND KOMMUNE";;2007-03-19;"ADOS";;"N";"N";"N";"N";;0;;;;;;;;;;;;;;;;;9440;"EVENSKJER";1913;"SKÅNLAND";"NO";"Norge";;"N";"N";"N";
990492352;"SKATTEOPPKREVEREN I IBESTAD KOMMUNE";;2007-03-19;"ADOS";;"N";"N";"N";"N";;0;;;;;;;;;;;;;;;;"RÅDHUSET";9450;"HAMNVIK";1917;"IBESTAD";"NO";"Norge";;"N";"N";"N";
990492379;"SKATTEOPPKREVEREN I LAVANGEN";;2007-03-19;"ADOS";;"N";"N";"N";"N";;0;;;;;;;;;;;;;;;;"Årstein";9470;"GRATANGEN";1919;"GRATANGEN";"NO";"Norge";;"N";"N";"N";
990492395;"SKATTEOPPKREVEREN I SALANGEN";;2007-03-19;"ADOS";;"N";"N";"N";"N";;0;;;;;;;;;;;;;;;;"Årstein";9470;"GRATANGEN";1919;"GRATANGEN";"NO";"Norge";;"N";"N";"N";
990492417;"SKATTEOPPKREVEREN I SØRREISA KOMMUNE";;2007-03-19;"ADOS";;"N";"N";"N";"N";;0;;;;;;;;;"Storveien 20";9310;"SØRREISA";1925;"SØRREISA";"NO";"Norge";"Sykehjemsveien 41";9310;"SØRREISA";1925;"SØRREISA";"NO";"Norge";;"N";"N";"N";
990492433;"SKATTEOPPKREVEREN I TRANØY KOMMUNE";;2007-03-19;"ADOS";;"N";"N";"N";"N";;0;;;;;;;;;;;;;;;;"Vangsvikveien 298";9304;"VANGSVIK";1927;"TRANØY";"NO";"Norge";;"N";"N";"N";
990492468;"LENVIK KEMNERKONTOR";;2007-03-19;"ADOS";;"N";"N";"N";"N";;0;;;;;;;;;;;;;;;;"Rådhusveien 8";9300;"FINNSNES";1931;"LENVIK";"NO";"Norge";;"N";"N";"N";
990492484;"SKATTEOPPKREVEREN I KARLSØY KOMMUNE";;2007-03-19;"ADOS";;"N";"N";"N";"N";;0;;;;;;;;;;;;;;;;"HANSNES";9130;"HANSNES";1936;"KARLSØY";"NO";"Norge";;"N";"N";"N";
990492506;"SKATTEOPPKREVEREN I STORFJORD KOMMUNE";;2007-03-19;"ADOS";;"N";"N";"N";"N";;0;;;;;;;;;;;;;;;;"Hatteng";9046;"OTEREN";1939;"STORFJORD";"NO";"Norge";;"N";"N";"N";
990492514;"SKATTEOPPKREVEREN I GAIVUONA SUOHKAN / KÅFJORD KOMMUNE";;2007-03-19;"ADOS";;"N";"N";"N";"N";;0;;;;;;;;;;;;;;;;"Øvervegen 2";9146;"OLDERDALEN";1940;"KÅFJORD";"NO";"Norge";;"N";"N";"N";
990492662;"SKATTEOPPKREVEREN I KARASJOGA GIELDA / KARASJOK KOMMUNE";;2007-03-19;"ADOS";;"N";"N";"N";"N";;0;;;;;;;;;;;;;;;;"Raddeviessogeaidnu 4";9730;"KARASJOK";2021;"KARASJOK";"NO";"Norge";;"N";"N";"N";
990492522;"SKATTEOPPKREVEREN I SKJERVØY KOMMUNE";;2007-03-19;"ADOS";;"N";"N";"N";"N";;0;;;;;;;;;"Postboks 145";9189;"SKJERVØY";1941;"SKJERVØY";"NO";"Norge";"Skoleveien 6";9180;"SKJERVØY";1941;"SKJERVØY";"NO";"Norge";;"N";"N";"N";
990492530;"SKATTEOPPKREVEREN I NORDREISA KOMMUNE";;2007-03-19;"ADOS";;"N";"N";"N";"N";;0;;;;;;;;;"Postboks 174";9156;"STORSLETT";1942;"NORDREISA";"NO";"Norge";"Sentrum 17";9151;"STORSLETT";1942;"NORDREISA";"NO";"Norge";;"N";"N";"N";
990492549;"SKATTEOPPKREVEREN I KVÆNANGEN KOMMUNE";;2007-03-19;"ADOS";;"N";"N";"N";"N";;0;;;;;;;;;;;;;;;;"BURFJORD";9161;"BURFJORD";1943;"KVÆNANGEN";"NO";"Norge";;"N";"N";"N";
990492557;"SKATTEOPPKREVEREN I VARDØ KOMMUNE";;2007-03-19;"ADOS";;"N";"N";"N";"N";;0;;;;;;;;;;;;;;;;"Kirkegata 4";9950;"VARDØ";2002;"VARDØ";"NO";"Norge";;"N";"N";"N";
990492565;"SKATTEOPPKREVEREN I VADSØ KOMMUNE";;2007-03-19;"ADOS";;"N";"N";"N";"N";;0;;;;;;;;;;;;;;;;"Tollbugata 14";9800;"VADSØ";2003;"VADSØ";"NO";"Norge";;"N";"N";"N";
990492573;"SKATTEOPPKREVEREN I HAMMERFEST KOMMUNE";;2007-03-19;"ADOS";;"N";"N";"N";"N";;0;;;;;;;;;"Postboks 1224";9616;"HAMMERFEST";2004;"HAMMERFEST";"NO";"Norge";"Storgata kommunehus Storgata 17";9600;"HAMMERFEST";2004;"HAMMERFEST";"NO";"Norge";;"N";"N";"N";
990492581;"SKATTEOPPKREVEREN I GUOVDAGEAINNU SUOHKAN / KAUTOKEINO KOMMUNE";;2007-03-19;"ADOS";;"N";"N";"N";"N";;0;;;;;;;;;;;;;;;;"Bredbuktnesveien 6";9520;"KAUTOKEINO";2011;"KAUTOKEINO";"NO";"Norge";;"N";"N";"N";
990492603;"SKATTEOPPKREVEREN I LOPPA KOMMUNE";;2007-03-19;"ADOS";;"N";"N";"N";"N";;0;;;;;;;;;;;;;;;;"Parkveien 1-3";9550;"ØKSFJORD";2014;"LOPPA";"NO";"Norge";;"N";"N";"N";
990492611;"SKATTEOPPKREVEREN I HASVIK KOMMUNE";;2007-03-19;"ADOS";;"N";"N";"N";"N";;0;;;;;;;;;;;;;;;;"Fjellveien 6";9593;"BREIVIKBOTN";2015;"HASVIK";"NO";"Norge";;"N";"N";"N";
990492638;"SKATTEOPPKREVEREN I MÅSØY KOMMUNE";;2007-03-19;"ADOS";;"N";"N";"N";"N";;0;;;;;;;;;;;;;;;;"Torget 1";9690;"HAVØYSUND";2018;"MÅSØY";"NO";"Norge";;"N";"N";"N";
990492646;"SKATTEOPPKREVEREN I NORDKAPP KOMMUNE";;2007-03-19;"ADOS";;"N";"N";"N";"N";;0;;;;;;;;;"Postboks 403";9751;"HONNINGSVÅG";2019;"NORDKAPP";"NO";"Norge";"Rådhusgata 12";9750;"HONNINGSVÅG";2019;"NORDKAPP";"NO";"Norge";;"N";"N";"N";
990492654;"SKATTEOPPKREVEREN I PORSANGER KOMMUNE";;2007-03-19;"ADOS";;"N";"N";"N";"N";;0;;;;;;;;;;;;;;;;"Rådhuset";9712;"LAKSELV";2020;"PORSANGER";"NO";"Norge";;"N";"N";"N";
990492670;"SKATTEOPPKREVEREN I LEBESBY KOMMUNE";;2007-03-19;"ADOS";;"N";"N";"N";"N";;0;;;;;;;;;"Postboks 38";9790;"KJØLLEFJORD";2022;"LEBESBY";"NO";"Norge";"STRANDVN 152/154";9790;"KJØLLEFJORD";2022;"LEBESBY";"NO";"Norge";;"N";"N";"N";
990492689;"SKATTEOPPKREVEREN I GAMVIK KOMMUNE";;2007-03-19;"ADOS";;"N";"N";"N";"N";;0;;;;;;;;;;;;;;;;"Vevikveien 6";9770;"MEHAMN";2023;"GAMVIK";"NO";"Norge";;"N";"N";"N";
990492697;"SKATTEOPPKREVEREN I BERLEVÅG KOMMUNE";;2007-03-19;"ADOS";;"N";"N";"N";"N";;0;;;;;;;;;;;;;;;;"Torget 4";9980;"BERLEVÅG";2024;"BERLEVÅG";"NO";"Norge";;"N";"N";"N";
990492700;"SKATTEOPPKREVEREN I DEANU GIELDA / TANA KOMMUNE";;2007-03-19;"ADOS";;"N";"N";"N";"N";;0;;;;;;;;;;;;;;;;"RÅDHUSVN 3";9845;"TANA";2025;"TANA";"NO";"Norge";;"N";"N";"N";
990492719;"SKATTEOPPKREVEREN I UNJARGGA GIELDA / NESSEBY KOMMUNE";;2007-03-19;"ADOS";;"N";"N";"N";"N";;0;;;;;;;;;;;;;;;;"RÅDHUSET";9840;"VARANGERBOTN";2027;"NESSEBY";"NO";"Norge";;"N";"N";"N";
990492727;"SKATTEOPPKREVEREN I BÅTSFJORD KOMMUNE";;2007-03-19;"ADOS";;"N";"N";"N";"N";;0;;;;;;;;;"Postboks 610";9991;"BÅTSFJORD";2028;"BÅTSFJORD";"NO";"Norge";"Hindberggata 18";9990;"BÅTSFJORD";2028;"BÅTSFJORD";"NO";"Norge";;"N";"N";"N";
990492735;"SKATTEOPPKREVEREN I SØR-VARANGER KOMMUNE";;2007-03-19;"ADOS";;"N";"N";"N";"N";;0;;;;;;;;;;;;;;;;"Rådhusplassen 3";9900;"KIRKENES";2030;"SØR-VARANGER";"NO";"Norge";;"N";"N";"N";
991753486;"SVALBARDS MILJØVERNFOND BEVILGNINGSREGNSKAPET";;2007-09-25;"ADOS";"www.sysselmannen.no";"N";"N";"N";"N";;0;;;;;;;;;"Postboks 633";9171;"LONGYEARBYEN";2111;"SPITSBERGEN";"NO";"Norge";;9170;"LONGYEARBYEN";2111;"SPITSBERGEN";"NO";"Norge";;"N";"N";"N";
991763147;"SKATTEOPPKREVEREN I KRISTIANSUND";;2007-09-27;"ADOS";;"N";"N";"N";"N";;0;;;;;;;;;;;;;;;;"Kaibakken 2";6509;"KRISTIANSUND N";1505;"KRISTIANSUND";"NO";"Norge";;"N";"N";"N";
992462744;"KUNST I OFFENTLIGE ROM - FOND KORO";;2008-03-25;"ADOS";;"N";"N";"N";"N";;0;;;;;;;;;"Postboks 6994 St Olavs Plass";130;"OSLO";301;"OSLO";"NO";"Norge";"Kristian Augusts gate 23";164;"OSLO";301;"OSLO";"NO";"Norge";;"N";"N";"N";
992471484;"SKATTEOPPKREVER FOR SVALBARD";;2008-03-27;"ADOS";;"N";"N";"N";"N";;0;;;;;;;;;"Postboks 6310";9293;"TROMSØ";1902;"TROMSØ";"NO";"Norge";"Kaigata 3-5";9008;"TROMSØ";1902;"TROMSØ";"NO";"Norge";;"N";"N";"N";
992473126;"REINDRIFTENS UTVIKLINGSFOND";;2008-03-27;"ADOS";"www.reindrift.no";"N";"N";"N";"N";;0;;;;;;;;;"Postboks 1104";9504;"ALTA";2012;"ALTA";"NO";"Norge";"Markveien 14";9510;"ALTA";2012;"ALTA";"NO";"Norge";;"N";"N";"N";
993754013;"SENTRALSKATTEKONTORET FOR UTENLANDSSAKER";;2009-02-17;"ADOS";;"N";"N";"N";"N";;0;;;;;;;;;"Postboks 8031";4068;"STAVANGER";1103;"STAVANGER";"NO";"Norge";"Lagårdsveien 46";4010;"STAVANGER";1103;"STAVANGER";"NO";"Norge";;"N";"N";"N";
993821950;"NAV VENTELØNN";;2009-03-05;"ADOS";;"N";"N";"N";"N";;0;;;;;;;;;"Postboks 7062 St Olavs Plass";130;"OSLO";301;"OSLO";"NO";"Norge";"Mariboes gate 8";183;"OSLO";301;"OSLO";"NO";"Norge";;"N";"N";"N";
993844896;"NAV VIKEN";;2009-03-10;"ADOS";;"N";"N";"N";"N";;0;;;;;;;;;"Postboks 5 St. Olavs Plass";130;"OSLO";301;"OSLO";"NO";"Norge";"Sannergata 2";557;"OSLO";301;"OSLO";"NO";"Norge";;"N";"N";"N";
993896462;"NORSK PASIENTSKADEERSTATNING - PRIVAT SEKTOR";;2009-03-23;"ADOS";;"N";"N";"N";"N";;0;;;;;;;;;"Postboks 3    St. Olavs Plass";130;"OSLO";301;"OSLO";"NO";"Norge";"Holbergs gate 1";166;"OSLO";301;"OSLO";"NO";"Norge";;"N";"N";"N";
994550446;"SKATTEOPPKREVER FOR KILDESKATT PÅ PENSJON";;2009-09-22;"ADOS";;"N";"N";"N";"N";;0;;;;;;;;;"Postboks 6310";9293;"TROMSØ";1902;"TROMSØ";"NO";"Norge";"Kaigata 3-5";9008;"TROMSØ";1902;"TROMSØ";"NO";"Norge";;"N";"N";"N";
994784781;"NAV HADELAND AVD LUNNER";;2009-11-17;"ADOS";;"N";"N";"N";"N";;0;;;;;;;;;"Postboks 220";2711;"GRAN";534;"GRAN";"NO";"Norge";"Smietorget";2750;"GRAN";534;"GRAN";"NO";"Norge";;"N";"N";"N";
997514386;"SKATTEOPPKREVEREN I NYE INDERØY KOMMUNE";;2011-10-27;"ADOS";;"N";"N";"N";"N";;0;;;;;;;;;"Liavegen 1";7790;"MALM";1724;"VERRAN";"NO";"Norge";"Inn-Trøndelag Skatteoppkreverkontor Kjerkbakken 2";7790;"MALM";1724;"VERRAN";"NO";"Norge";;"N";"N";"N";
998890063;"KEMNEREN I HARSTAD";;2012-09-27;"ADOS";;"N";"N";"N";"N";;0;;;;;;;;;"Rådhuset";9479;"HARSTAD";1903;"HARSTAD";"NO";"Norge";"Asbjørn Selsbanes gate 9";9405;"HARSTAD";1903;"HARSTAD";"NO";"Norge";;"N";"N";"N";
992187298;"Skatteoppkrever utland/ International Tax Collection Office";;2008-01-16;"ADOS";;"N";"N";"N";"N";;0;;;;;;;;;;;;;;;;"Lagårdsveien 46";4010;"STAVANGER";1103;"STAVANGER";"NO";"Norge";;"N";"N";"N";
993301639;"STATENS KUNSTNERSTIPEND";;2008-11-10;"ADOS";;"N";"N";"N";"N";;0;;;;;;;;;"Postboks 8052 Dep";31;"OSLO";301;"OSLO";"NO";"Norge";"Mølleparken 2";459;"OSLO";301;"OSLO";"NO";"Norge";;"N";"N";"N";
993372250;"UTVALGET FOR FORVALTNING AV AVGIFT PÅ FISKEEKSPORT";;2008-12-01;"ADOS";;"N";"N";"N";"N";;0;;;;;;;;;"Postboks 185  Sentrum Fiskeridirektoratet";5804;"BERGEN";1201;"BERGEN";"NO";"Norge";"Strandgaten 229";5004;"BERGEN";1201;"BERGEN";"NO";"Norge";;"N";"N";"N";
998816378;"ARBEIDSGRUPPEN FOR ANTIBIOTIKASPØRSMÅL - AFA";;2012-09-20;"ADOS";;"N";"N";"N";"N";;0;;;;;;;;;;;;;;;;"Ulvikveien 37A";3150;"TOLVSRØD";704;"TØNSBERG";"NO";"Norge";;"N";"N";"N";
